"","cardiovascular","gastrointestinal/abdominal","renal/urology","endocrine/diabetes","neurology/eye/psychiatry","musculoskeletal/trauma","haematology/dermatology","immunological/systemic disorders","AgeGen"
"FAM184B",0,0,0,0,0,0,0,0,"NotAge"
"MED28",1,0,0,0,0,0,0,0,"NotAge"
"HGFAC",0,0,0,0,0,0,0,0,"NotAge"
"HPN",5,0,0,3,0,1,0,0,"NotAge"
"FTCD",1,0,0,0,0,0,0,0,"NotAge"
"CDK11B",1,0,0,0,0,0,0,0,"NotAge"
"SFSWAP",8,0,0,4,0,0,0,0,"NotAge"
"SART1",10,1,0,7,1,1,0,0,"NotAge"
"CDK11A",1,0,0,0,0,0,0,0,"NotAge"
"GNB1",0,0,0,0,0,1,0,0,"NotAge"
"INTS11",7,1,0,3,1,1,0,0,"NotAge"
"RAB7A",2,0,0,0,0,0,0,0,"NotAge"
"TRPC4AP",6,2,0,4,0,5,0,0,"NotAge"
"HERC3",3,0,0,2,0,1,0,0,"NotAge"
"SNX32",1,0,0,0,0,2,0,0,"NotAge"
"VPS4A",5,0,0,1,0,1,0,0,"NotAge"
"RPL7P6",5,0,0,4,0,1,0,0,"NotAge"
"ADD1",4,0,0,1,0,1,0,0,"NotAge"
"GRIPAP1",4,0,0,1,0,2,0,0,"NotAge"
"KIAA2013",0,0,0,0,0,0,0,0,"NotAge"
"MBD3",1,0,0,0,0,0,0,0,"NotAge"
"CRIP1P3",3,0,0,0,0,0,0,0,"NotAge"
"MRPS34",1,0,0,0,0,0,0,0,"NotAge"
"COASY",1,0,0,0,0,0,0,0,"NotAge"
"HAS3",1,0,0,0,0,0,0,0,"NotAge"
"SZRD1",7,0,0,4,0,2,0,0,"NotAge"
"KHDRBS1",6,0,0,5,0,3,0,0,"NotAge"
"XAB2",3,1,0,4,0,0,0,0,"NotAge"
"UBN1",2,0,0,0,0,0,0,0,"NotAge"
"TRAPPC10",7,0,0,1,0,1,0,0,"NotAge"
"CRTC2",2,0,0,1,0,0,0,0,"NotAge"
"SRSF9",9,2,0,4,0,3,0,0,"NotAge"
"HNRNPK",11,2,0,7,0,4,0,0,"NotAge"
"HNRNPK-AS1",8,0,0,5,0,3,0,0,"NotAge"
"DHX8",1,0,0,1,0,0,0,0,"NotAge"
"SLC25A3",5,0,0,2,0,1,0,0,"NotAge"
"UBE2A",5,0,0,1,0,1,0,0,"NotAge"
"SF3B2",7,2,0,8,1,3,0,0,"NotAge"
"SH3GLB1",2,0,0,1,0,1,0,0,"NotAge"
"HNRNPM",7,1,0,3,0,0,0,0,"NotAge"
"SF3A1",7,0,0,5,0,1,0,0,"NotAge"
"YY1",5,0,0,4,0,0,0,0,"NotAge"
"MAPRE1",3,0,0,0,0,1,0,0,"NotAge"
"UBE2I",11,1,0,5,0,2,0,0,"Age"
"HNRNPL",11,0,0,4,0,2,0,0,"NotAge"
"HNRNPUL1",8,1,0,6,0,2,0,0,"NotAge"
"EIF4H",3,0,0,1,0,0,0,0,"NotAge"
"UBE2D3",2,0,0,1,0,0,0,0,"NotAge"
"EIF4G2",3,0,0,0,0,1,0,0,"NotAge"
"SRSF4",2,0,0,1,0,0,0,0,"NotAge"
"SMG7",6,0,0,4,0,2,0,0,"NotAge"
"DLST",7,0,0,1,0,1,0,0,"NotAge"
"PSPC1",4,0,0,3,0,1,0,0,"NotAge"
"RNF114",1,0,0,0,0,0,0,0,"NotAge"
"INO80",5,0,0,1,0,1,0,0,"NotAge"
"RBM17",6,0,0,2,0,2,0,0,"NotAge"
"HNRNPD",9,1,0,4,0,2,0,0,"NotAge"
"GPBP1L1",2,0,0,2,0,0,0,0,"NotAge"
"TMEM183A",3,0,0,1,0,1,0,0,"NotAge"
"SF1",5,0,0,1,0,1,0,0,"NotAge"
"UQCRFS1",3,1,0,1,0,1,0,0,"NotAge"
"MMGT1",2,0,0,0,0,1,0,0,"NotAge"
"SP3",3,0,0,2,0,1,0,0,"NotAge"
"SETP15",6,0,0,4,0,2,0,0,"NotAge"
"THAP12P6",6,0,0,1,0,0,0,0,"NotAge"
"IL6R-AS1",2,0,0,0,0,1,0,0,"NotAge"
"EIF4HP1",2,0,0,1,0,0,0,0,"NotAge"
"ISY1",2,0,0,2,0,1,0,0,"NotAge"
"RNPS1P1",4,0,0,1,0,0,0,0,"NotAge"
"PCBP2P2",1,0,0,2,0,1,0,0,"NotAge"
"PCBP2-OT1",1,0,0,1,0,0,0,0,"NotAge"
"LSM14A",3,0,0,3,0,2,0,0,"NotAge"
"ARAF",4,0,0,2,0,1,0,0,"NotAge"
"SRF",3,0,0,1,0,1,0,0,"NotAge"
"AUP1",10,2,0,7,1,4,0,0,"NotAge"
"APH1A",1,1,0,2,0,1,0,0,"NotAge"
"RALY",4,1,0,2,0,2,0,0,"NotAge"
"DHX38",7,1,0,5,0,3,0,0,"NotAge"
"DPP9",6,1,0,3,0,0,0,0,"NotAge"
"SF3B4",7,1,0,6,0,1,0,0,"NotAge"
"SYVN1",5,1,0,6,0,1,0,0,"NotAge"
"HLA-N",6,0,0,1,0,0,0,0,"NotAge"
"FAM209A",1,1,0,0,0,2,0,0,"NotAge"
"ZDHHC5",1,1,0,2,0,1,0,0,"NotAge"
"UBE2Q1",5,1,0,5,0,4,0,0,"NotAge"
"STX5",1,0,0,1,0,1,0,0,"NotAge"
"UBE2Q1-AS1",4,0,0,2,0,3,0,0,"NotAge"
"CLASRP",5,0,0,0,0,0,0,0,"NotAge"
"DCAF15",6,0,0,1,0,1,0,0,"NotAge"
"MTA2",3,0,0,2,0,1,0,0,"NotAge"
"CDC42",2,0,0,1,0,1,0,0,"Age"
"RAB5C",3,0,0,0,0,1,0,0,"NotAge"
"ABI1",3,0,0,2,0,1,0,0,"NotAge"
"CCNK",3,0,0,0,0,1,0,0,"NotAge"
"STRN4",2,0,0,1,0,0,0,0,"NotAge"
"SETD1A",3,0,0,1,0,0,0,0,"NotAge"
"CHIC2",2,0,0,0,0,1,0,0,"NotAge"
"RAB35",1,0,0,0,0,0,0,0,"NotAge"
"NAA60",1,0,0,0,0,0,0,0,"NotAge"
"FBXL12",2,0,0,0,0,0,0,0,"NotAge"
"ARHGDIA",1,0,0,0,0,1,0,0,"NotAge"
"ZNF687",1,0,0,0,0,0,0,0,"NotAge"
"ARF1",3,0,0,1,0,2,0,0,"NotAge"
"VTI1A",3,0,0,1,0,1,0,0,"NotAge"
"MAGOH",3,0,0,2,0,0,0,0,"NotAge"
"YY1AP1",4,0,0,1,0,1,0,0,"NotAge"
"ZNF592",3,0,0,1,0,1,0,0,"NotAge"
"RELA",2,0,0,0,0,1,0,0,"Age"
"CDC42P6",2,0,0,1,0,1,0,0,"NotAge"
"CSDE1",5,0,0,4,0,1,0,0,"NotAge"
"STEEP1",1,0,0,0,0,0,0,0,"NotAge"
"GATAD2A",1,0,0,0,0,0,0,0,"NotAge"
"PPP1R37",0,0,0,0,0,0,0,0,"NotAge"
"TNPO2",1,0,0,0,0,0,0,0,"NotAge"
"TRNP1",2,0,0,1,0,0,0,0,"NotAge"
"CNTNAP1",16,0,1,8,2,3,0,0,"NotAge"
"PPFIA4",16,0,0,10,2,3,0,0,"NotAge"
"LARP6",12,0,0,7,1,3,0,0,"NotAge"
"SEZ6L2",10,0,0,5,0,2,0,0,"NotAge"
"DHRS4L1",9,0,1,5,1,2,0,0,"NotAge"
"CEP170B",6,0,0,4,0,1,0,0,"NotAge"
"GPC1",2,0,0,2,0,1,0,0,"NotAge"
"SPEG",7,0,0,5,0,1,0,0,"NotAge"
"CAMSAP3",2,0,0,2,0,1,0,0,"NotAge"
"COL16A1",4,0,0,2,0,1,0,0,"NotAge"
"MYH14",6,0,0,2,0,1,0,0,"NotAge"
"TNS2",2,0,0,1,0,1,0,0,"NotAge"
"NRN1",8,0,0,2,0,1,0,0,"NotAge"
"VGF",2,0,0,3,0,1,0,0,"NotAge"
"ARHGAP39",4,0,0,3,0,1,0,0,"NotAge"
"LINP1",8,0,0,4,0,2,0,0,"NotAge"
"MPRIP-AS1",6,0,0,5,0,1,0,0,"NotAge"
"TMEM132A",3,0,0,3,0,1,0,0,"NotAge"
"NPM1P39",0,0,0,0,0,0,0,0,"NotAge"
"MTND5P27",1,0,0,0,0,0,0,0,"NotAge"
"WDTC1",0,0,0,0,0,0,0,0,"NotAge"
"RPL23AP85",0,0,0,0,0,0,0,0,"NotAge"
"IGKV3-15",1,0,0,0,0,0,0,0,"NotAge"
"NDUFA5P10",0,0,0,0,0,0,0,0,"NotAge"
"LINC00381",1,0,0,0,0,0,0,0,"NotAge"
"AIDAP1",1,0,0,0,0,0,0,0,"NotAge"
"PKHD1",0,0,0,0,0,0,0,0,"NotAge"
"VCY1B",1,0,0,0,0,0,0,0,"NotAge"
"VCY",1,0,0,0,0,0,0,0,"NotAge"
"VCX3A",1,0,0,0,0,0,0,0,"NotAge"
"KRTAP5-2",1,0,0,0,0,0,0,0,"NotAge"
"ZNF625-ZNF20",1,0,0,0,0,0,0,0,"NotAge"
"KLRK1",1,0,0,0,0,0,0,0,"NotAge"
"LINC01249",1,0,0,0,0,0,0,0,"NotAge"
"NCOR1P1",1,0,0,0,0,0,0,0,"NotAge"
"SPRR2F",1,0,0,0,0,0,0,0,"NotAge"
"ESX1",1,0,0,0,0,0,0,0,"NotAge"
"FNBP4",2,0,0,1,0,0,0,0,"NotAge"
"ZC3H11A",2,0,0,3,0,2,0,0,"NotAge"
"CHD8",4,0,0,3,0,0,0,0,"NotAge"
"DHX15",2,0,0,1,0,0,0,0,"NotAge"
"PRPF4B",2,0,0,1,0,0,0,0,"NotAge"
"SF3B1",2,0,0,2,0,0,0,0,"NotAge"
"PRRC2C",2,0,0,1,0,0,0,0,"NotAge"
"FCF1P1",2,0,0,1,0,0,0,0,"NotAge"
"SNAP25-AS1",1,0,0,1,0,0,0,0,"NotAge"
"TLK2",3,0,0,1,0,0,0,0,"NotAge"
"TAF1",1,0,0,2,0,0,0,0,"Age"
"SRSF11",1,0,0,1,0,0,0,0,"NotAge"
"PHF3",1,0,0,0,0,0,0,0,"NotAge"
"SEC24B",1,0,0,0,0,0,0,0,"NotAge"
"BAZ2A",1,0,0,0,0,0,0,0,"NotAge"
"RCOR3",1,0,0,0,0,0,0,0,"NotAge"
"SCAF11",1,0,0,0,0,0,0,0,"NotAge"
"UBXN4",1,0,0,1,0,0,0,0,"NotAge"
"PARP6",1,0,0,0,0,0,0,0,"NotAge"
"RTF1",1,0,0,0,0,0,0,0,"NotAge"
"ARID4B",1,0,0,0,0,0,0,0,"NotAge"
"CELF1",1,0,0,0,0,0,0,0,"NotAge"
"CASQ2",6,0,0,6,2,0,0,0,"NotAge"
"HHATL",17,1,1,14,4,4,0,1,"NotAge"
"SLC6A7",18,1,1,14,4,4,0,1,"NotAge"
"SYT7",19,1,1,16,4,4,1,1,"NotAge"
"CLDN11",17,2,1,13,5,4,1,1,"NotAge"
"STMN4",16,1,1,14,4,3,0,1,"NotAge"
"ATP1A2",16,0,0,13,4,3,0,0,"NotAge"
"SYT13",16,2,0,12,4,2,1,0,"NotAge"
"NRXN3",11,2,0,12,3,2,0,0,"NotAge"
"GABRA1",11,2,0,13,3,2,0,0,"NotAge"
"DKK3",20,3,0,15,4,4,1,1,"NotAge"
"PTPRN",18,1,1,15,4,4,0,1,"NotAge"
"CBLN4",16,2,0,15,5,4,0,1,"NotAge"
"RASGRF1",18,3,1,15,5,4,1,1,"NotAge"
"CAMK2B",18,1,1,14,5,4,0,1,"NotAge"
"BCAS1",19,3,1,15,5,4,1,1,"NotAge"
"SNAP91",17,2,0,13,4,3,1,0,"NotAge"
"NGEF",20,1,1,16,4,4,1,1,"NotAge"
"SYT1",15,2,0,12,4,2,1,0,"NotAge"
"ATP2B3",18,1,1,15,5,4,0,1,"NotAge"
"CAMK2A",18,2,0,13,4,3,0,0,"NotAge"
"PPP2R2C",19,3,1,14,5,4,1,1,"NotAge"
"WSCD2",18,3,1,15,5,4,0,1,"NotAge"
"RBFOX1",18,3,1,15,5,4,1,1,"NotAge"
"GNAO1",18,1,1,14,4,4,1,1,"NotAge"
"EPB41L1",19,2,0,13,3,3,1,0,"NotAge"
"LZTS3",20,1,1,15,4,4,1,1,"NotAge"
"RPH3A",16,1,1,12,4,3,1,1,"NotAge"
"CHGB",19,3,1,14,5,4,1,1,"NotAge"
"RAPGEF4",18,2,0,12,4,3,1,0,"NotAge"
"PITPNM3",20,3,1,15,5,4,1,1,"NotAge"
"RIMS4",19,0,0,12,4,3,0,0,"NotAge"
"CELF4",14,1,1,14,5,2,0,1,"NotAge"
"SYP",19,1,1,15,5,4,1,1,"NotAge"
"CBLN1",19,1,1,14,5,4,1,1,"NotAge"
"NDRG4",18,1,1,15,4,4,0,1,"NotAge"
"ZP2",18,2,0,14,4,3,1,0,"NotAge"
"SLC17A7",16,1,1,13,4,3,0,1,"NotAge"
"APLP1",17,1,1,15,4,4,0,1,"NotAge"
"ATP1A3",18,1,1,14,4,4,1,1,"NotAge"
"SH3GL2",17,3,0,13,5,4,1,1,"NotAge"
"ASPA",18,2,0,13,4,3,1,0,"NotAge"
"SEPTIN4",18,1,1,14,4,4,0,1,"NotAge"
"CPE",20,2,0,14,4,3,1,0,"NotAge"
"B3GAT1",18,1,1,14,4,4,1,1,"NotAge"
"ELMOD1",15,2,0,12,4,3,0,0,"NotAge"
"PTPN5",17,1,1,15,4,4,0,1,"NotAge"
"DAO",18,2,0,15,5,4,0,1,"NotAge"
"KCNA1",11,2,0,13,3,2,0,0,"NotAge"
"GABRG2",15,2,0,12,4,2,1,0,"NotAge"
"FGF1",14,2,0,11,4,2,0,0,"NotAge"
"CSPG5",19,3,1,15,4,4,1,1,"NotAge"
"HPCAL4",19,2,0,13,4,3,1,0,"NotAge"
"RIMS3",18,2,0,12,4,2,1,0,"NotAge"
"RGS4",14,2,0,12,4,3,0,0,"NotAge"
"SLC8A2",17,1,1,15,4,4,0,1,"NotAge"
"PHF24",19,2,1,14,4,3,1,0,"NotAge"
"PLP1",19,3,0,15,5,4,1,1,"NotAge"
"SLC12A5",18,2,1,15,5,5,0,1,"NotAge"
"GRM4",18,1,1,15,4,4,0,1,"NotAge"
"PCSK2",17,2,0,13,4,3,0,0,"NotAge"
"RNF112",18,1,1,15,4,4,0,1,"NotAge"
"CHN1",18,2,0,13,4,3,1,0,"NotAge"
"KCNC1",17,1,1,14,4,4,1,1,"NotAge"
"DPP6",15,0,0,13,4,2,0,0,"NotAge"
"KIF1A",18,1,1,15,5,4,0,1,"NotAge"
"UNC13A",17,2,0,13,4,3,0,0,"NotAge"
"SULT4A1",17,1,1,14,4,4,0,1,"NotAge"
"OLFM1",19,1,1,14,4,4,1,1,"NotAge"
"GFAP",17,1,1,15,5,4,0,1,"NotAge"
"GALNT15",13,2,0,12,3,2,0,0,"NotAge"
"PPP1R1B",18,1,1,14,4,4,1,1,"NotAge"
"SNAP25",18,3,1,15,5,4,1,1,"NotAge"
"MRO",12,2,0,12,2,2,0,0,"NotAge"
"APLNR",18,2,0,15,4,4,0,1,"NotAge"
"FAIM2",17,1,1,14,4,4,0,1,"NotAge"
"RGS8",12,2,0,12,3,2,0,0,"NotAge"
"GAD2",12,2,0,13,3,2,0,0,"NotAge"
"GABBR2",15,2,0,13,4,2,0,0,"NotAge"
"ZNF365",16,2,0,12,4,3,1,0,"NotAge"
"CACNA1A",19,1,1,14,5,4,1,1,"Age"
"SCD5",15,2,0,12,4,2,1,0,"NotAge"
"GABRA6",18,3,0,16,5,4,1,1,"NotAge"
"CPLX2",19,1,1,14,5,4,1,1,"NotAge"
"SLC39A12",13,2,0,11,3,2,0,0,"NotAge"
"INA",17,1,0,13,5,3,1,1,"NotAge"
"SCN2B",19,3,1,15,5,4,1,1,"NotAge"
"HSPB8",19,1,1,15,4,4,1,1,"NotAge"
"SPOCK1",15,2,0,11,4,3,1,0,"NotAge"
"SPARCL1",13,2,0,11,3,3,0,0,"NotAge"
"CNTNAP4",12,2,0,12,3,2,0,0,"NotAge"
"ZIC1",19,3,1,15,5,4,1,1,"NotAge"
"CA10",18,3,1,15,5,4,1,1,"NotAge"
"KIF5A",19,1,1,14,5,4,1,1,"NotAge"
"LHFPL4",18,0,1,14,4,3,0,0,"NotAge"
"NMNAT2",16,2,0,13,4,3,0,0,"NotAge"
"ATP2B2",17,2,0,12,4,2,0,0,"NotAge"
"SLC6A1",19,3,1,15,5,4,1,1,"NotAge"
"SYN2",19,3,1,14,4,4,1,1,"NotAge"
"HTR5A",18,1,1,15,5,4,1,1,"NotAge"
"FAM131B",19,2,1,14,4,3,1,0,"NotAge"
"CELF5",18,1,1,14,4,4,1,1,"NotAge"
"CADM3",18,1,1,14,4,4,1,1,"NotAge"
"KCNJ9",19,3,1,15,5,4,1,1,"NotAge"
"KCNJ3",10,2,0,11,3,2,0,0,"NotAge"
"VSNL1",18,1,1,14,4,4,1,1,"NotAge"
"ADORA1",18,1,1,15,4,4,0,1,"NotAge"
"NFASC",17,2,0,13,4,3,0,0,"NotAge"
"SYNPR",18,2,0,13,4,3,1,0,"NotAge"
"ABLIM2",19,1,1,14,4,4,1,1,"NotAge"
"ETNPPL",14,2,0,13,4,3,0,0,"NotAge"
"SMIM43",17,3,0,15,5,4,0,1,"NotAge"
"HCN1",10,2,0,13,3,2,0,0,"NotAge"
"KCNV1",11,2,0,12,3,2,0,0,"NotAge"
"DIRAS2",16,2,0,12,4,2,1,0,"NotAge"
"HSPA12A",18,2,0,12,3,3,1,0,"NotAge"
"KCNC2",16,2,0,12,4,3,1,0,"NotAge"
"SVOP",15,0,0,12,4,3,0,0,"NotAge"
"GPRC5B",19,3,1,14,5,4,1,1,"NotAge"
"KIF5C",11,2,0,12,3,2,0,0,"NotAge"
"MOBP",18,2,0,14,4,3,1,0,"NotAge"
"PHYHIP",18,1,1,15,4,4,0,1,"NotAge"
"CHRM1",17,1,1,15,4,4,0,1,"NotAge"
"VXN",15,2,0,11,4,2,1,0,"NotAge"
"KCNK9",18,2,1,15,5,4,0,1,"NotAge"
"DLGAP1",13,2,0,12,3,2,0,0,"NotAge"
"GPR37",19,2,0,14,4,3,1,0,"NotAge"
"RCAN2",19,2,0,13,4,3,1,0,"NotAge"
"ARNT2",19,2,0,13,4,3,1,0,"NotAge"
"CREG2",13,2,0,13,3,2,1,0,"NotAge"
"RN7SKP182",16,1,1,13,4,3,0,1,"NotAge"
"LINC03053",18,3,1,15,5,4,1,1,"NotAge"
"CYCSP12",19,2,0,14,4,3,1,0,"NotAge"
"OR9R1P",18,2,0,13,4,3,1,0,"NotAge"
"LINC01706",19,1,1,14,5,4,1,1,"NotAge"
"OFD1P13Y",12,2,0,12,3,2,1,0,"NotAge"
"SNRPEP5",19,1,1,14,5,4,1,1,"NotAge"
"ZNF567-DT",15,2,0,11,4,2,1,0,"NotAge"
"RFKP5",16,1,0,11,4,3,1,0,"NotAge"
"MTND4P32",8,2,0,9,3,2,0,0,"NotAge"
"ZNF32-AS1",16,1,1,13,4,3,0,1,"NotAge"
"KRT18P36",14,2,0,12,4,2,0,0,"NotAge"
"SNORD57",19,1,1,14,4,4,1,1,"NotAge"
"BCAS2P3",18,1,1,15,5,4,0,1,"NotAge"
"PABPC1L2B-AS1",19,1,1,14,4,4,1,1,"NotAge"
"PSME2P6",17,1,1,14,4,4,0,1,"NotAge"
"ANKRD34C",11,2,0,12,3,2,0,0,"NotAge"
"CELSR1P1",17,0,0,14,4,3,0,0,"NotAge"
"MIR124-1HG",15,1,1,12,4,3,0,1,"NotAge"
"GRM5-AS1",10,2,0,12,3,2,0,0,"NotAge"
"LINC00507",13,1,0,10,3,2,0,0,"NotAge"
"SEPTIN4-AS1",19,3,1,14,4,4,1,1,"NotAge"
"NEFL",18,3,1,15,5,4,1,1,"NotAge"
"CYP26B1",19,1,1,14,4,4,1,1,"NotAge"
"LINC01649",0,0,0,0,0,0,0,0,"NotAge"
"MDN1-AS1",1,0,0,0,0,0,0,0,"NotAge"
"ATP1B1",7,2,0,4,1,0,0,0,"NotAge"
"NCDN",15,1,1,11,3,2,1,1,"NotAge"
"PLEKHH1",17,2,0,11,2,3,1,0,"NotAge"
"PRKCZ",14,1,0,10,3,2,1,1,"NotAge"
"KIF3C",9,2,0,4,1,0,1,0,"NotAge"
"MAPRE3",17,1,1,11,3,3,1,1,"NotAge"
"JPH4",16,1,1,13,4,3,1,1,"NotAge"
"NEFH",13,0,0,8,3,0,1,0,"NotAge"
"DRP2",14,2,0,11,3,2,1,0,"NotAge"
"CADM4",19,1,1,16,4,4,1,1,"NotAge"
"NCS1",20,2,1,15,4,3,1,0,"NotAge"
"EFHD1",18,1,1,15,3,3,1,1,"NotAge"
"KCNIP2",16,1,0,11,3,2,1,1,"NotAge"
"NAPB",6,2,0,4,3,1,1,0,"NotAge"
"MCF2L",17,2,1,15,4,4,1,1,"NotAge"
"HABP4",19,2,0,11,3,3,1,0,"NotAge"
"ERMN",4,2,0,4,3,0,1,0,"NotAge"
"STXBP1",19,1,0,11,4,3,1,1,"NotAge"
"CBLN3",17,1,1,13,4,3,1,1,"NotAge"
"TCTE1",16,1,1,13,4,4,1,1,"NotAge"
"TMEM178A",16,1,1,13,4,3,1,1,"NotAge"
"MICU3",6,2,0,4,3,1,1,0,"NotAge"
"BRSK1",18,1,1,16,4,4,1,1,"NotAge"
"CAMK2N1",18,1,0,12,4,3,1,1,"NotAge"
"SERPINI1",13,2,0,10,3,2,1,0,"NotAge"
"NDRG2",16,0,0,10,3,2,1,0,"NotAge"
"TEF",18,2,0,13,3,3,1,0,"NotAge"
"KCNAB1",5,2,0,5,3,2,1,0,"NotAge"
"GPR37L1",17,2,0,11,4,2,1,0,"NotAge"
"TPPP",16,1,1,14,4,4,1,1,"NotAge"
"SYNPO",18,3,1,15,4,4,1,1,"NotAge"
"IL17D",12,0,0,9,2,0,1,0,"NotAge"
"B4GAT1",18,2,1,13,3,3,1,1,"NotAge"
"RNA5SP487",12,0,0,8,3,0,1,0,"NotAge"
"LINC00370",12,2,0,11,3,2,1,0,"NotAge"
"EML4-AS1",8,2,0,4,2,1,1,0,"NotAge"
"FAM236D",16,2,0,9,2,1,1,0,"NotAge"
"RPL35AP7",11,2,0,9,3,2,1,0,"NotAge"
"RPS12P5",16,1,0,10,3,2,1,1,"NotAge"
"SMYD3-AS1",19,2,1,15,4,4,1,1,"NotAge"
"CNN2P1",17,1,1,13,4,4,1,1,"NotAge"
"ANKRD34A",19,1,1,11,3,2,1,1,"NotAge"
"PREPL",4,1,0,3,3,1,1,0,"NotAge"
"SLC3A1",4,1,0,3,3,0,1,0,"NotAge"
"DNM1",4,0,0,0,1,0,1,0,"NotAge"
"PPP1R3F",3,0,0,1,0,0,1,0,"NotAge"
"SOX8",15,1,1,12,3,2,0,1,"NotAge"
"ABCC8",15,1,1,13,4,4,0,1,"NotAge"
"CACNG3",14,1,0,11,3,2,0,1,"NotAge"
"CX3CL1",8,0,0,4,0,1,0,0,"NotAge"
"CACNA1G",17,1,1,15,4,4,0,1,"NotAge"
"SYN1",15,1,1,13,4,3,0,1,"NotAge"
"CAMK1G",15,1,1,13,4,4,0,1,"NotAge"
"MAPK8IP2",16,1,1,15,4,4,0,1,"NotAge"
"PHLDB1",10,0,1,4,0,1,0,0,"NotAge"
"PLEKHB1",15,1,1,13,4,3,0,1,"NotAge"
"PSD",14,1,1,13,3,3,0,1,"NotAge"
"CA11",17,1,1,14,3,3,0,1,"NotAge"
"TLE2",12,1,1,12,3,2,0,1,"NotAge"
"PDZD4",17,1,1,16,4,4,0,1,"NotAge"
"ADAM11",15,1,1,12,3,2,0,1,"NotAge"
"SNCB",11,1,1,11,3,2,0,1,"NotAge"
"KCNQ2",17,1,1,15,4,4,0,1,"NotAge"
"RGS11",13,1,1,11,3,2,0,1,"NotAge"
"PCDHGA2",10,0,0,5,0,0,0,0,"NotAge"
"CHRD",15,1,1,13,3,2,0,1,"NotAge"
"SLC22A17",15,1,1,15,3,3,0,1,"NotAge"
"TYRO3",11,0,1,5,1,2,0,0,"NotAge"
"CRTAC1",14,1,1,10,3,2,0,1,"NotAge"
"STX1B",15,0,1,12,3,2,0,0,"NotAge"
"HCN2",17,1,1,12,3,2,0,1,"NotAge"
"SLC7A4",13,0,0,12,3,3,0,0,"NotAge"
"SEPTIN3",11,0,1,8,3,0,0,0,"NotAge"
"RASD2",10,0,0,6,2,0,0,0,"NotAge"
"CACNA1I",9,0,0,7,1,0,0,0,"NotAge"
"PVALB",14,1,0,11,3,2,0,1,"NotAge"
"CHGA",15,1,1,15,4,3,0,1,"NotAge"
"GALNT16",14,0,0,8,2,1,0,0,"NotAge"
"CPNE6",15,1,1,14,3,3,0,1,"NotAge"
"HRH3",12,1,1,11,3,2,0,1,"NotAge"
"CHRNA4",15,1,1,15,4,3,0,1,"NotAge"
"EEF1A2",9,1,0,6,2,2,0,1,"NotAge"
"SNPH",17,2,1,13,4,4,0,1,"NotAge"
"CCM2L",5,0,0,3,1,0,0,0,"NotAge"
"SLC32A1",15,1,1,14,4,3,0,1,"NotAge"
"SYNDIG1",13,1,0,11,3,2,0,1,"NotAge"
"FA2H",18,1,1,13,3,2,0,1,"NotAge"
"NECAB2",10,1,0,9,3,2,0,1,"NotAge"
"AP3B2",15,1,0,13,4,3,0,1,"NotAge"
"ENTREP2",14,1,0,12,3,3,0,1,"NotAge"
"NEFM",14,1,1,12,4,3,0,1,"NotAge"
"TUBB4A",15,1,1,12,3,2,0,1,"NotAge"
"OLFM2",18,1,1,16,3,4,0,1,"NotAge"
"SLC1A6",15,1,1,14,4,3,0,1,"NotAge"
"CACNG7",16,1,1,12,3,2,0,1,"NotAge"
"MAST1",17,1,1,12,3,2,0,1,"NotAge"
"KCNN1",10,1,0,9,3,1,0,1,"NotAge"
"RAB3A",15,1,1,12,3,2,0,1,"NotAge"
"MAG",15,1,1,15,4,4,0,1,"NotAge"
"TMEM59L",15,1,1,12,3,2,0,1,"NotAge"
"SCN1B",11,1,1,11,3,2,0,1,"NotAge"
"COBL",17,0,0,12,3,3,0,0,"NotAge"
"KCNT1",15,1,1,15,4,4,0,1,"NotAge"
"ASIC2",16,1,1,14,5,4,0,1,"NotAge"
"MPP2",11,0,0,5,1,1,0,0,"NotAge"
"ALDOC",18,1,0,14,4,4,0,1,"NotAge"
"CRTAM",8,2,0,7,2,1,0,0,"NotAge"
"CCKBR",15,1,1,11,3,2,0,1,"NotAge"
"ENO2",10,0,0,5,1,1,0,0,"NotAge"
"UNC5A",10,1,0,11,3,1,0,1,"NotAge"
"SLC30A3",17,1,1,11,3,2,0,1,"NotAge"
"FNDC4",14,1,0,12,3,1,0,1,"NotAge"
"APC2",10,1,1,8,3,1,0,1,"NotAge"
"CHD5",10,0,0,11,3,2,0,0,"NotAge"
"FBXO2",17,1,1,13,3,2,0,1,"NotAge"
"IGSF21",15,1,1,10,3,2,0,1,"NotAge"
"TTR",17,1,0,13,3,4,0,1,"NotAge"
"CRHR1",15,1,1,14,4,4,0,1,"NotAge"
"CHRNA2",9,0,0,7,1,0,0,0,"NotAge"
"MAPK8IP1",16,1,1,15,4,4,0,1,"NotAge"
"ADGRB2",18,1,1,14,3,3,0,1,"NotAge"
"HPCA",17,1,1,14,3,3,0,1,"NotAge"
"HS3ST2",6,0,0,5,2,0,0,0,"NotAge"
"LDB3",10,0,0,7,2,0,0,0,"NotAge"
"CNTFR",17,1,1,12,3,2,0,1,"NotAge"
"KCNS1",15,0,0,12,3,3,0,0,"NotAge"
"PACSIN1",15,1,1,14,4,4,0,1,"NotAge"
"BARHL1",6,1,1,7,2,1,0,1,"NotAge"
"SLC25A23",10,0,1,3,0,1,0,0,"NotAge"
"NKX2-2",9,1,0,6,2,2,0,1,"NotAge"
"PRKCG",15,1,1,14,4,3,0,1,"NotAge"
"HSPA2",17,3,1,13,4,4,0,1,"NotAge"
"SYNGR3",18,1,1,16,3,4,0,1,"NotAge"
"FBXL16",15,1,1,12,3,2,0,1,"NotAge"
"GNG13",11,1,0,9,3,2,0,1,"NotAge"
"CDH15",13,1,1,12,3,2,0,1,"NotAge"
"SYT5",15,1,1,13,3,2,0,1,"NotAge"
"GDF1",7,1,0,6,2,1,0,1,"NotAge"
"CALY",12,1,1,11,3,2,0,1,"NotAge"
"RGN",11,0,0,5,1,2,0,0,"Age"
"LRRC4B",10,1,1,12,3,1,0,1,"NotAge"
"SLC6A11",12,0,0,5,1,2,0,0,"NotAge"
"REEP2",17,1,1,15,3,4,0,1,"NotAge"
"HAPLN2",12,1,1,11,3,2,0,1,"NotAge"
"VSTM2L",10,1,0,9,3,1,0,1,"NotAge"
"DUSP26",15,1,1,15,4,4,0,1,"NotAge"
"B4GALNT1",15,1,0,10,3,2,0,1,"NotAge"
"ARHGEF4",18,1,1,17,4,4,0,1,"NotAge"
"NACAD",16,1,1,14,4,3,0,1,"NotAge"
"DAB2IP",18,1,1,14,3,3,0,1,"NotAge"
"PIANP",9,1,0,8,3,2,0,1,"NotAge"
"SRRM4",10,0,0,9,3,0,0,0,"NotAge"
"RTN1",12,1,0,11,3,3,0,1,"NotAge"
"LMAN1L",14,1,1,14,4,4,0,1,"NotAge"
"RNF157",9,0,0,4,1,0,0,0,"NotAge"
"MAPK4",14,0,0,7,1,2,0,0,"NotAge"
"STAC2",15,1,1,13,3,3,0,1,"NotAge"
"LMTK3",14,1,1,12,3,2,0,1,"NotAge"
"CACNG8",11,0,0,7,2,0,0,0,"NotAge"
"BARHL2",15,1,1,13,3,2,0,1,"NotAge"
"SUSD4",14,0,0,8,2,3,0,0,"NotAge"
"ZNF385B",10,0,0,9,2,0,0,0,"NotAge"
"CPNE9",11,1,0,10,3,2,0,1,"NotAge"
"TAGLN3",11,1,0,11,3,2,0,1,"NotAge"
"VWA5B2",14,1,1,11,3,2,0,1,"NotAge"
"PSD2",14,0,0,13,3,3,0,0,"NotAge"
"TTBK1",13,1,1,14,4,3,0,1,"NotAge"
"FRMPD3",11,0,0,8,3,1,0,0,"NotAge"
"PLCH2",12,1,1,10,3,2,0,1,"NotAge"
"KIAA1755",15,0,0,12,3,3,0,0,"NotAge"
"CDH22",15,1,1,15,4,4,0,1,"NotAge"
"TLCD3B",15,1,1,12,3,2,0,1,"NotAge"
"SERP2",14,1,0,11,3,3,0,1,"NotAge"
"RIT2",13,1,0,10,4,3,0,1,"NotAge"
"NRSN1",10,0,0,9,3,0,0,0,"NotAge"
"C16orf89",11,0,0,6,1,1,0,0,"NotAge"
"LGI4",15,1,1,15,3,3,0,1,"NotAge"
"THY1",18,1,0,13,3,3,0,1,"NotAge"
"JPH3",15,1,1,15,4,4,0,1,"NotAge"
"GOLGA7B",16,1,1,13,4,3,0,1,"NotAge"
"CABP1",15,1,1,15,4,3,0,1,"NotAge"
"EXTL1",18,1,1,13,3,3,0,1,"NotAge"
"DYNC1I1",12,1,0,10,3,1,0,0,"NotAge"
"SLC5A11",11,0,0,9,1,2,0,0,"NotAge"
"CELF3",15,1,1,14,3,2,0,1,"NotAge"
"HIPK4",11,1,0,11,3,2,0,1,"NotAge"
"SPTBN4",16,1,1,15,4,4,0,1,"NotAge"
"GRIN2C",10,1,0,9,3,1,0,1,"NotAge"
"PRR35",7,1,1,7,2,1,0,1,"NotAge"
"SLC45A1",15,1,1,11,3,2,0,1,"NotAge"
"C1orf115",16,2,0,10,2,3,0,0,"NotAge"
"KCNF1",17,1,1,15,3,2,0,1,"NotAge"
"LMOD1",6,0,0,3,1,0,0,0,"NotAge"
"CAMK2N2",17,1,1,11,3,2,0,1,"NotAge"
"BSN",13,0,0,11,4,2,0,0,"NotAge"
"AQP7",11,0,0,6,1,1,0,0,"NotAge"
"NGB",12,1,1,11,3,2,0,1,"NotAge"
"SOHLH1",12,1,1,11,3,2,0,1,"NotAge"
"SCN3B",11,0,0,11,3,2,0,0,"NotAge"
"APBB1",16,1,1,14,4,4,0,1,"NotAge"
"TMEM130",9,0,0,8,2,0,0,0,"NotAge"
"CACNG2",12,0,0,10,3,0,0,0,"NotAge"
"ELFN2",18,0,1,13,3,2,0,0,"NotAge"
"NYAP1",15,1,1,16,3,3,0,1,"NotAge"
"RBFOX3",15,1,1,12,2,2,0,1,"NotAge"
"PRRT2",17,1,1,14,3,3,0,1,"NotAge"
"TTYH1",15,1,1,14,3,2,0,1,"NotAge"
"TMEM145",17,1,1,11,3,2,0,1,"NotAge"
"HID1",17,1,1,11,3,2,0,1,"NotAge"
"MGAT5B",8,0,0,4,0,1,0,0,"NotAge"
"RAB26",14,1,1,12,3,2,0,1,"NotAge"
"KCNJ4",15,1,1,15,3,2,0,1,"NotAge"
"HR",12,0,0,7,1,1,0,0,"NotAge"
"LGI3",17,1,1,15,4,4,0,1,"NotAge"
"SFTPC",11,1,0,10,3,2,0,1,"NotAge"
"NSG1",14,0,1,10,2,2,0,0,"NotAge"
"CPLX1",9,1,1,11,3,1,0,1,"NotAge"
"NTSR2",15,1,1,14,4,4,0,1,"NotAge"
"TMEM266",12,1,0,9,3,2,0,1,"NotAge"
"LINGO1",17,1,1,12,3,2,0,1,"NotAge"
"NSG2",13,0,0,11,3,2,0,0,"NotAge"
"ADRA1B",14,0,0,8,2,1,0,0,"NotAge"
"HSPB2",11,1,1,10,3,2,0,1,"NotAge"
"ATP6V0E2",15,1,1,11,3,2,0,1,"NotAge"
"NPTX1",16,0,0,8,2,2,0,0,"NotAge"
"KCNK3",16,1,0,14,4,4,0,1,"NotAge"
"CDK5R2",15,1,1,12,3,2,0,1,"NotAge"
"NEUROD2",12,1,1,11,3,1,0,1,"NotAge"
"PLEKHG5",11,1,0,9,3,1,0,1,"NotAge"
"KNDC1",15,1,1,14,4,4,0,1,"NotAge"
"ABCG4",16,1,1,14,4,4,0,1,"NotAge"
"CARNS1",15,1,1,15,3,3,0,1,"NotAge"
"FADS6",15,1,1,14,4,4,0,1,"NotAge"
"ADCY5",17,1,1,14,4,4,0,1,"Age"
"SYT12",19,1,1,15,4,4,0,1,"NotAge"
"SNCG",13,1,1,11,3,2,0,1,"Age"
"WFIKKN2",9,0,0,6,2,0,0,0,"NotAge"
"HAP1",16,1,1,14,4,4,0,1,"NotAge"
"MFSD4A",10,0,0,8,2,1,0,0,"NotAge"
"TTC9B",12,1,1,11,3,2,0,1,"NotAge"
"NPAS4",4,0,0,3,0,0,0,0,"NotAge"
"BRSK2",17,1,1,16,3,3,0,1,"NotAge"
"CNIH2",8,1,0,7,2,2,0,1,"NotAge"
"ASPHD1",12,1,1,12,2,2,0,1,"NotAge"
"ZIC4",13,1,0,12,4,2,0,1,"NotAge"
"KLC2",9,0,0,6,1,1,0,0,"NotAge"
"CHST1",12,1,1,11,3,2,0,1,"NotAge"
"EIF4E1B",11,1,0,11,3,3,0,1,"NotAge"
"PRIMA1",6,0,0,5,1,0,0,0,"NotAge"
"DHFRP6",11,0,0,7,3,0,0,0,"NotAge"
"MIR1305",12,0,0,8,1,1,0,0,"NotAge"
"MIR548O",10,0,0,7,2,0,0,0,"NotAge"
"MIR1260A",13,1,1,13,4,4,0,1,"NotAge"
"ZNF816-ZNF321P",16,1,1,12,3,2,0,1,"NotAge"
"RNU2-59P",11,1,0,11,3,3,0,1,"NotAge"
"RNU2-47P",6,1,1,8,2,1,0,1,"NotAge"
"RNU6-1217P",15,1,1,15,3,3,0,1,"NotAge"
"RNY3P8",13,1,1,11,3,2,0,1,"NotAge"
"LINC02661",11,1,1,10,3,1,0,1,"NotAge"
"SFR1P2",14,1,0,10,4,1,0,1,"NotAge"
"IL10RB-DT",13,1,1,12,3,2,0,1,"NotAge"
"CHROMR",15,1,1,15,4,3,0,1,"NotAge"
"CCNT2-AS1",16,1,0,13,4,4,0,1,"NotAge"
"RNPC3-DT",15,1,1,10,3,2,0,1,"NotAge"
"KLHL25P1",18,1,0,12,3,3,0,1,"NotAge"
"LINC01657",15,1,1,14,3,2,0,1,"NotAge"
"MAGEA7P",14,0,0,12,3,2,0,0,"NotAge"
"MUC20P1",17,1,1,15,4,4,0,1,"NotAge"
"TOMM20P1",13,1,0,13,4,3,0,1,"NotAge"
"TXNP2",12,1,1,13,3,2,0,1,"NotAge"
"LINC02813",14,1,1,11,3,2,0,1,"NotAge"
"PPP1R26-AS1",13,1,1,9,3,2,0,1,"NotAge"
"LINC01763",16,1,1,13,4,3,0,1,"NotAge"
"FDPSP1",17,1,1,15,3,4,0,1,"NotAge"
"DRAXINP1",13,0,0,9,2,2,0,0,"NotAge"
"PSMA1P1",16,0,0,12,3,3,0,0,"NotAge"
"OR6V1",8,1,0,6,2,2,0,1,"NotAge"
"RPS28P8",15,1,1,15,3,3,0,1,"NotAge"
"ZKSCAN8P1",12,0,1,10,2,1,0,0,"NotAge"
"LINC02549",13,0,0,11,4,1,0,0,"NotAge"
"USF1P1",15,0,0,11,3,3,0,0,"NotAge"
"SLC9A3P3",15,1,1,13,4,3,0,1,"NotAge"
"LINC02679",15,1,1,13,4,3,0,1,"NotAge"
"AVPR1B-DT",18,1,1,16,4,4,0,1,"NotAge"
"BTF3P13",15,1,1,12,3,2,0,1,"NotAge"
"DDX11L16",10,0,0,9,3,0,0,0,"NotAge"
"CICP17",10,0,0,5,0,0,0,0,"NotAge"
"NALF1-IT1",15,1,1,15,3,3,0,1,"NotAge"
"LINC01750",10,0,0,8,2,1,0,0,"NotAge"
"FAM131C2P",10,1,1,11,3,2,0,1,"NotAge"
"PTPRT-DT",14,1,0,11,4,3,0,1,"NotAge"
"KRTAP5-AS1",11,0,0,11,3,2,0,0,"NotAge"
"CKMT1B",15,1,1,13,3,3,0,1,"NotAge"
"SYP-AS1",13,0,0,10,2,3,0,0,"NotAge"
"LINC00844",11,1,0,9,3,3,0,1,"NotAge"
"PCDHGC3",7,0,0,3,0,0,0,0,"NotAge"
"PCDHGC5",11,0,0,6,2,0,0,0,"NotAge"
"ARHGEF25",17,1,0,12,3,2,0,1,"NotAge"
"ZIC4-AS1",7,0,0,6,2,0,0,0,"NotAge"
"ARHGDIG",12,1,1,11,3,2,0,1,"NotAge"
"PCDHGC4",11,0,0,6,2,0,0,0,"NotAge"
"PCP4L1",13,0,0,9,3,2,0,0,"NotAge"
"PCDHGA12",7,0,0,3,0,0,0,0,"NotAge"
"PCDHGB6",6,0,0,2,0,0,0,0,"NotAge"
"PCDHGA5",9,0,0,5,0,0,0,0,"NotAge"
"PCDHGA7",7,0,0,3,0,0,0,0,"NotAge"
"PCDHGA6",5,0,0,2,0,0,0,0,"NotAge"
"PCDHGA8",6,0,0,2,0,0,0,0,"NotAge"
"PCDHGA11",6,0,0,2,0,0,0,0,"NotAge"
"PCDHGB4",6,0,0,2,0,0,0,0,"NotAge"
"PCDHGB7",6,0,0,2,0,0,0,0,"NotAge"
"PCDHGB1",10,0,0,5,0,0,0,0,"NotAge"
"PCDHGA3",10,0,0,5,0,0,0,0,"NotAge"
"ADGRA1-AS1",12,1,1,10,3,2,0,1,"NotAge"
"GALNT9-AS1",14,1,1,14,3,4,0,1,"NotAge"
"TMEM179",17,1,1,15,4,4,0,1,"NotAge"
"CEROX1",8,1,0,7,2,2,0,1,"NotAge"
"SCRT1",12,1,1,11,3,2,0,1,"NotAge"
"PCDHGA9",10,0,0,5,0,0,0,0,"NotAge"
"PCDHGB3",6,0,0,2,0,0,0,0,"NotAge"
"PCDHGA4",10,0,0,5,0,0,0,0,"NotAge"
"THY1-AS1",18,1,0,12,3,3,0,1,"NotAge"
"ZNF488",5,0,0,4,1,0,0,0,"NotAge"
"FXYD1",13,1,1,10,3,2,0,1,"NotAge"
"LINC01532",14,1,0,12,4,3,0,1,"NotAge"
"LHX1",15,1,1,12,3,2,0,1,"NotAge"
"PCDHGB5",7,0,0,3,0,0,0,0,"NotAge"
"CCDC92B",15,0,0,8,2,1,0,0,"NotAge"
"LHX1-DT",15,1,0,11,3,2,0,1,"NotAge"
"SRCIN1",16,1,1,15,4,4,0,1,"NotAge"
"GPIHBP1",15,1,1,13,3,3,0,1,"NotAge"
"C1QL2",6,1,1,6,2,1,0,1,"NotAge"
"NKX6-2",4,1,1,4,2,1,0,1,"NotAge"
"KLF15",7,0,0,4,0,0,0,0,"NotAge"
"MIR1471",5,1,1,5,2,1,0,1,"NotAge"
"COL5A3",5,0,0,4,0,0,0,0,"NotAge"
"MT3",8,1,0,5,2,2,0,1,"NotAge"
"CPNE5",5,0,0,3,1,0,0,0,"NotAge"
"CARTPT",11,1,0,9,3,2,0,1,"NotAge"
"LINC01886",7,1,0,7,2,2,0,1,"NotAge"
"DBNDD2",8,1,0,7,3,2,0,1,"NotAge"
"PCDHGA10",2,0,0,1,0,0,0,0,"NotAge"
"PCDHGB2",3,0,0,1,0,0,0,0,"NotAge"
"NR1D1",2,0,0,0,0,0,0,0,"NotAge"
"KLC2-AS1",3,0,0,0,0,0,0,0,"NotAge"
"CBX7",1,0,0,0,0,0,0,0,"NotAge"
"RAB40B",1,0,0,0,0,0,0,0,"NotAge"
"QDPR",1,0,0,0,0,0,0,0,"NotAge"
"KRT31",6,0,0,5,1,0,0,0,"NotAge"
"CRYM",7,0,0,6,1,1,0,0,"NotAge"
"TSPAN7",5,0,0,4,1,0,0,0,"NotAge"
"RTBDN",7,1,0,4,2,2,0,1,"NotAge"
"NKX2-2-AS1",5,0,0,3,0,0,0,0,"NotAge"
"DMRTC1",2,0,0,0,0,0,0,0,"NotAge"
"PAQR6",1,0,0,1,1,0,0,0,"NotAge"
"TRIM17",1,0,0,0,0,0,0,0,"NotAge"
"RNU6-174P",2,0,0,0,0,0,0,0,"NotAge"
"SYS1-DBNDD2",1,0,0,0,0,0,0,0,"NotAge"
"SUPT7L",5,1,0,3,0,2,0,0,"NotAge"
"U2AF2",17,4,0,8,1,3,0,0,"NotAge"
"ACIN1",9,1,0,7,0,3,0,0,"NotAge"
"GATC",7,2,0,5,1,3,0,0,"NotAge"
"SAFB2",3,1,0,0,0,1,0,0,"NotAge"
"CUL9",10,1,0,4,0,3,0,0,"NotAge"
"TUBGCP6",4,1,0,1,0,1,0,0,"NotAge"
"STRADA",3,0,0,2,0,3,0,0,"NotAge"
"ANAPC5",1,0,0,0,0,1,0,0,"NotAge"
"ARMH3",3,0,0,2,0,3,0,0,"NotAge"
"PDS5A",3,1,0,3,1,2,0,0,"NotAge"
"SETDB1",5,0,0,3,0,2,0,0,"NotAge"
"CPSF7",4,1,0,3,0,2,0,0,"NotAge"
"FIP1L1",1,0,0,2,0,1,0,0,"NotAge"
"SRSF5",1,0,0,0,0,1,0,0,"NotAge"
"PABPN1",5,0,0,0,0,2,0,0,"NotAge"
"KAT8",5,0,0,1,0,3,0,0,"NotAge"
"PPHLN1",3,1,0,2,0,3,0,0,"NotAge"
"SLTM",1,0,0,1,0,2,0,0,"NotAge"
"SRRM2",4,0,0,0,0,1,0,0,"NotAge"
"HNRNPA3",1,0,0,0,0,2,0,0,"NotAge"
"BCL2L2-PABPN1",7,0,0,0,0,3,0,0,"NotAge"
"MAPKAPK5",1,0,0,1,0,1,0,0,"NotAge"
"MFSD11",5,0,0,2,0,1,0,0,"NotAge"
"DDX27",5,0,0,1,0,1,0,0,"NotAge"
"MBD1",4,0,0,2,0,3,0,0,"NotAge"
"GGA3",6,0,0,3,0,3,0,0,"NotAge"
"MAU2",6,0,0,3,0,3,0,0,"NotAge"
"GPN2",2,0,0,0,0,1,0,0,"NotAge"
"EXOSC10",2,0,0,1,0,1,0,0,"NotAge"
"INO80B",2,0,0,1,0,2,0,0,"NotAge"
"DIS3L2",3,2,0,1,0,1,0,0,"NotAge"
"EIF2AP4",2,0,0,0,0,1,0,0,"NotAge"
"CCAR1",1,0,0,0,0,1,0,0,"NotAge"
"PAPOLA",1,0,0,3,0,2,0,0,"NotAge"
"STX16",1,0,0,0,0,2,0,0,"NotAge"
"REV1",3,0,0,2,0,3,0,0,"NotAge"
"LINC01537",4,0,0,2,0,2,0,0,"NotAge"
"TUG1",1,0,0,1,0,2,0,0,"NotAge"
"NFATC2IP-AS1",1,0,0,0,0,1,0,0,"NotAge"
"SDR39U1",3,0,0,2,0,1,0,0,"NotAge"
"GON4L",3,0,0,2,0,2,0,0,"NotAge"
"FAM193A",4,0,0,2,0,1,0,0,"NotAge"
"MICU2",1,0,0,2,0,2,0,0,"NotAge"
"CIAO1",5,1,0,1,0,3,0,0,"NotAge"
"TUBGCP3",4,0,0,4,0,2,0,0,"NotAge"
"HNRNPU",4,0,0,0,0,1,0,0,"NotAge"
"RBM8A",2,1,0,0,0,1,0,0,"NotAge"
"DCAF8",3,0,0,1,0,2,0,0,"NotAge"
"PIGG",3,0,0,1,0,2,0,0,"NotAge"
"PPP4R3B",1,0,0,0,0,1,0,0,"NotAge"
"CHTOP",1,0,0,0,0,1,0,0,"NotAge"
"ZNF207",1,0,0,0,0,1,0,0,"NotAge"
"ANAPC4",1,0,0,1,0,1,0,0,"NotAge"
"SUGP2",2,0,0,0,0,1,0,0,"NotAge"
"H4C1",1,2,0,2,2,2,0,2,"NotAge"
"H3C7",5,8,0,8,3,5,0,8,"NotAge"
"H2AC14",5,6,0,6,2,4,0,6,"NotAge"
"H3C11",3,4,0,4,1,3,0,4,"NotAge"
"MAP3K9",8,2,0,3,2,1,0,0,"NotAge"
"ITIH5",7,0,0,3,1,1,0,0,"NotAge"
"ASTN2",11,0,0,9,2,1,0,0,"NotAge"
"PCDH1",5,0,0,1,0,1,0,0,"NotAge"
"GPRIN1",5,0,0,2,0,1,0,0,"NotAge"
"HTRA1",5,0,0,2,0,0,0,0,"NotAge"
"KCNMA1",4,1,0,2,2,1,0,0,"NotAge"
"ADCY1",3,0,0,1,0,1,0,0,"NotAge"
"ZP3P2",4,0,0,1,0,0,0,0,"NotAge"
"CICP22",3,0,0,1,0,0,0,0,"NotAge"
"GDA",1,0,0,1,0,0,0,0,"NotAge"
"SYNM-AS2",1,0,0,0,0,1,0,0,"NotAge"
"PPP1R13B",1,0,0,0,0,0,0,0,"NotAge"
"LARGE1",1,0,0,0,0,0,0,0,"NotAge"
"THADA",0,0,0,0,0,0,0,0,"NotAge"
"H2BC3",2,2,0,2,2,2,0,2,"NotAge"
"H4C13",1,2,0,2,1,2,0,2,"NotAge"
"SIN3A",0,0,0,1,0,0,0,0,"Age"
"ASXL1",3,0,0,3,0,0,0,0,"NotAge"
"ABCG5",0,0,0,0,1,0,0,0,"NotAge"
"DHRS2",8,2,0,6,1,2,1,1,"NotAge"
"CA9",7,1,0,5,1,1,1,0,"NotAge"
"AHSG",7,1,0,5,1,1,1,0,"NotAge"
"ITIH3",8,2,0,6,0,2,1,1,"NotAge"
"TUBAP9",7,2,0,5,1,2,1,1,"NotAge"
"APOC3",5,0,0,3,1,1,0,0,"Age"
"CCN5",6,0,0,4,1,1,1,0,"NotAge"
"ISM2",6,0,0,4,1,1,1,0,"NotAge"
"SYDE1",6,0,0,4,1,1,1,0,"NotAge"
"STC2",7,1,0,5,1,2,1,1,"NotAge"
"MLPH",6,0,0,4,1,1,1,0,"NotAge"
"TBX2",6,0,0,4,1,1,1,0,"NotAge"
"C3",4,0,0,3,1,1,1,0,"NotAge"
"GDF5",4,0,0,3,1,1,1,0,"NotAge"
"F10",6,0,0,4,1,1,1,0,"NotAge"
"DUSP9",6,0,0,4,1,1,1,0,"NotAge"
"LOXL2",6,0,0,4,1,1,1,0,"NotAge"
"RBP4",6,0,0,4,1,1,1,0,"NotAge"
"IGFBP4",3,0,0,2,1,1,1,0,"NotAge"
"FKBP10",7,0,0,4,1,0,1,0,"NotAge"
"MAT1A",5,0,0,3,1,1,1,0,"NotAge"
"ITIH2",6,1,0,4,1,2,1,1,"NotAge"
"FGFR4",6,0,0,4,1,1,1,0,"NotAge"
"SLC45A2",5,1,0,4,1,2,1,1,"NotAge"
"SERPINA6",6,1,0,4,1,2,1,1,"NotAge"
"KRT19",6,0,0,4,1,1,1,0,"NotAge"
"FGA",6,1,0,4,1,2,1,1,"NotAge"
"PAH",3,0,0,2,1,1,1,0,"NotAge"
"VPS26BP1",5,0,0,4,1,1,1,0,"NotAge"
"TYR",5,1,0,4,1,2,1,1,"NotAge"
"AFP",6,1,0,4,1,2,1,1,"NotAge"
"APOH",6,1,0,4,1,2,1,1,"NotAge"
"SERPIND1",6,1,0,4,1,2,1,1,"NotAge"
"SULT2A1",5,1,0,4,1,2,1,1,"NotAge"
"SERPINC1",4,0,0,3,1,1,1,0,"NotAge"
"MLANA",5,1,0,4,1,2,1,1,"NotAge"
"SERPINA7",5,1,0,4,1,2,1,1,"NotAge"
"C4BPB",6,1,0,4,1,2,1,1,"NotAge"
"PRDM7",6,1,0,4,1,2,1,1,"NotAge"
"MATN3",3,0,0,2,1,1,1,0,"NotAge"
"IGFBP1",7,1,0,5,1,2,1,1,"NotAge"
"ALB",5,1,0,4,1,2,1,1,"NotAge"
"FGG",5,1,0,4,1,2,1,1,"NotAge"
"RNU6-1076P",4,0,0,3,1,1,1,0,"NotAge"
"SMLR1",4,0,0,3,1,0,1,0,"NotAge"
"DSCAM-AS1",5,0,0,3,1,1,0,0,"NotAge"
"TRBV10-3",3,0,0,2,1,1,0,0,"NotAge"
"BPIFB2",6,0,0,4,1,1,0,0,"NotAge"
"PGC",6,0,0,4,1,1,0,0,"NotAge"
"SERPINA4",4,0,0,3,1,1,1,0,"NotAge"
"PCOLCE",6,0,0,4,1,1,0,0,"NotAge"
"MOGAT3",6,0,0,4,1,1,0,0,"NotAge"
"AMBP",6,0,0,4,1,1,0,0,"NotAge"
"CPZ",4,0,0,3,1,1,0,0,"NotAge"
"APOA5",5,0,0,3,1,1,0,0,"NotAge"
"APOA1",5,0,0,3,1,1,0,0,"NotAge"
"PAEP",3,0,0,2,1,0,0,0,"NotAge"
"SSUH2",3,0,0,2,1,1,0,0,"NotAge"
"WNK4",6,0,0,4,1,1,1,0,"NotAge"
"BARX1",4,0,0,3,0,0,0,0,"NotAge"
"NR0B2",6,0,0,4,1,1,0,0,"NotAge"
"CGA",3,0,0,2,1,0,0,0,"NotAge"
"SLC39A5",6,0,0,4,1,1,0,0,"NotAge"
"TM4SF5",6,0,0,4,1,1,0,0,"NotAge"
"LEFTY2",6,0,0,4,1,1,1,0,"NotAge"
"GPC3",4,0,0,3,1,1,0,0,"NotAge"
"GPR78",3,0,0,2,1,1,0,0,"NotAge"
"APOA2",6,0,0,4,1,1,0,0,"NotAge"
"HOXB13",6,0,0,4,1,1,1,0,"NotAge"
"TFF1",6,0,0,4,1,1,0,0,"NotAge"
"FABP1",3,0,0,2,1,1,0,0,"NotAge"
"SERPINF2",3,0,0,2,1,1,0,0,"NotAge"
"KLK11",6,0,0,4,1,1,0,0,"NotAge"
"SOAT2",3,0,0,2,1,1,0,0,"NotAge"
"CST2",6,0,0,4,1,1,0,0,"NotAge"
"KRT8",6,0,0,4,1,1,0,0,"NotAge"
"RPS20P32",4,0,0,3,0,0,0,0,"NotAge"
"LINC01118",3,0,0,2,1,0,0,0,"NotAge"
"RN7SKP65",4,0,0,3,1,0,0,0,"NotAge"
"RNA5SP280",3,0,0,2,1,0,0,0,"NotAge"
"MEG9",5,0,0,3,1,1,1,0,"NotAge"
"LINC01752",6,0,0,4,1,1,0,0,"NotAge"
"DAP3P1",6,0,0,4,1,1,0,0,"NotAge"
"CT47A6",5,0,0,3,1,1,0,0,"NotAge"
"PCGEM1",4,0,0,3,1,1,0,0,"NotAge"
"MTND6P18",4,0,0,4,0,0,0,0,"NotAge"
"RPL7AP65",6,0,0,4,1,1,1,0,"NotAge"
"APOA1-AS",5,0,0,3,1,1,0,0,"NotAge"
"TMEM132D-AS1",4,0,0,3,1,1,0,0,"NotAge"
"IGLV2-34",6,0,0,4,1,1,0,0,"NotAge"
"IGLV2-28",6,0,0,4,1,1,0,0,"NotAge"
"LINC00165",5,0,0,4,1,1,0,0,"NotAge"
"TBX2-AS1",4,0,0,3,0,0,0,0,"NotAge"
"PKD1",0,1,0,0,0,0,0,0,"NotAge"
"CRTC1",1,0,0,0,0,0,0,0,"NotAge"
"ABHD8",1,0,0,0,0,0,0,0,"NotAge"
"MAP3K10",1,0,0,0,0,0,0,0,"NotAge"
"CASKIN1",1,0,0,0,0,0,0,0,"NotAge"
"ACTR2",0,0,0,1,0,0,0,0,"NotAge"
"LINC00355",2,0,0,1,0,1,0,0,"NotAge"
"TM9SF2",1,0,0,0,0,0,0,0,"NotAge"
"ACTR3",1,0,0,1,0,0,0,0,"NotAge"
"FAM120A",1,0,0,2,0,0,0,0,"NotAge"
"CAP1",1,0,0,0,0,0,0,0,"NotAge"
"MARCHF7",1,0,0,0,0,0,0,0,"NotAge"
"HAUS1P2",1,0,0,0,0,0,0,0,"NotAge"
"RPS20P15",0,0,0,0,0,0,0,0,"NotAge"
"PCGF3-AS1",1,0,0,0,0,0,0,0,"NotAge"
"SMARCC1",0,0,0,0,0,0,0,0,"NotAge"
"NONO",4,0,0,1,0,0,0,0,"NotAge"
"ACBD6",2,0,0,1,0,1,0,0,"NotAge"
"RBMX",2,0,0,0,0,0,0,0,"NotAge"
"CLCA4",5,0,0,5,2,0,0,0,"NotAge"
"ACTN2",3,0,0,2,1,0,0,0,"NotAge"
"SLCO1A2",9,2,0,9,3,2,0,0,"NotAge"
"GLRB",8,0,0,9,3,1,0,0,"NotAge"
"KIAA1549L",8,1,0,9,3,2,0,0,"NotAge"
"WASF3",7,0,0,5,2,0,0,0,"NotAge"
"ANO3",6,2,0,7,3,2,0,0,"NotAge"
"DTNA",5,2,0,6,3,2,0,0,"NotAge"
"RAPGEF5",8,2,0,9,3,2,0,0,"NotAge"
"MMD2",9,0,0,8,2,1,0,0,"NotAge"
"NOVA1",7,0,0,5,3,0,0,0,"NotAge"
"SYT2",9,0,0,7,2,2,0,0,"NotAge"
"GALNT13",6,2,0,7,3,2,0,0,"NotAge"
"SYBU",5,0,0,4,1,0,0,0,"NotAge"
"CACNA1B",8,0,0,10,3,2,0,0,"NotAge"
"FAM13C",4,0,0,4,3,0,0,0,"NotAge"
"TMC2",7,0,0,8,1,0,0,0,"NotAge"
"CNDP1",5,0,0,5,1,0,0,0,"NotAge"
"GPR158",9,2,0,10,3,2,0,0,"NotAge"
"MCHR2",7,0,0,5,3,2,0,0,"NotAge"
"ASTN1",10,1,0,12,3,2,0,0,"NotAge"
"GRM1",6,0,0,8,3,2,0,0,"NotAge"
"FMN2",9,0,0,11,3,2,0,0,"NotAge"
"TIAM1",10,2,0,10,3,2,0,0,"NotAge"
"MEGF11",9,0,0,9,3,2,0,0,"NotAge"
"KCNB1",9,0,0,9,3,2,0,0,"NotAge"
"CHRNB2",8,0,0,10,3,2,0,0,"NotAge"
"IP6K3",9,0,0,8,2,2,0,0,"NotAge"
"LRRTM1",9,1,0,10,3,1,0,1,"NotAge"
"SGSM1",7,0,0,6,2,2,0,0,"NotAge"
"CTNND2",9,0,0,8,2,0,0,0,"NotAge"
"OTUD7A",6,0,1,7,3,2,0,0,"NotAge"
"VSTM2A",11,0,0,11,3,2,0,0,"NotAge"
"KCND3",9,0,0,8,3,2,0,0,"NotAge"
"MIR1288",9,0,0,8,1,0,0,0,"NotAge"
"RN7SKP58",8,0,0,8,2,1,0,0,"NotAge"
"SLC20A1P1",9,0,0,8,3,0,0,0,"NotAge"
"CDH23-AS1",8,1,1,10,3,1,0,1,"NotAge"
"CPTP",6,0,0,5,2,0,0,0,"NotAge"
"RPS24P8",6,0,0,5,1,0,0,0,"NotAge"
"TGFA-IT1",3,0,0,2,1,0,0,0,"NotAge"
"USP17L3",3,2,0,2,2,0,0,0,"NotAge"
"NPM1P49",9,2,0,11,3,2,0,0,"NotAge"
"HSPA12A-AS1",5,0,0,3,2,0,0,0,"NotAge"
"NALCN-AS1",8,0,0,8,2,0,0,0,"NotAge"
"SLC26A4-AS1",5,0,0,5,2,0,0,0,"NotAge"
"PNMA2",7,0,0,6,3,2,0,0,"NotAge"
"FRRS1L",9,2,0,10,3,2,0,0,"NotAge"
"CEDORA",9,0,0,8,2,1,0,0,"NotAge"
"MAPT-AS1",7,0,0,6,2,1,0,0,"NotAge"
"C16orf92",3,1,0,4,2,1,0,1,"NotAge"
"RN7SKP68",6,1,0,5,2,2,0,1,"NotAge"
"KIRREL3",4,0,0,2,0,0,0,0,"NotAge"
"ANKRD30BP2",4,1,0,5,2,1,0,1,"NotAge"
"IL34",2,0,0,2,0,0,0,0,"NotAge"
"LNCBRM",5,0,0,6,1,0,0,0,"NotAge"
"LINC01544",4,0,0,4,1,0,0,0,"NotAge"
"PCDH8",3,0,0,1,0,0,0,0,"NotAge"
"MTCL1",3,0,0,0,0,1,0,0,"NotAge"
"BCAN",2,0,0,1,0,0,0,0,"NotAge"
"SMIM32",3,1,0,3,2,1,0,1,"NotAge"
"MTUS1",3,0,0,1,0,0,0,0,"NotAge"
"WNK2",4,0,0,3,0,0,0,0,"NotAge"
"SH3GL3",5,0,0,6,3,1,0,0,"NotAge"
"OMG",2,1,0,3,1,0,0,0,"NotAge"
"TRHDE-AS1",3,0,0,3,2,0,0,0,"NotAge"
"MORF4L1P4",3,0,0,3,1,0,0,0,"NotAge"
"JAKMIP3-AS1",2,0,0,2,1,0,0,0,"NotAge"
"DHX30",0,0,0,0,0,0,0,0,"NotAge"
"RANBP3",6,2,0,3,0,1,0,0,"NotAge"
"CLK3P2",1,0,0,1,0,0,0,0,"NotAge"
"GFER",1,0,0,0,0,0,0,0,"NotAge"
"MIR1226",0,0,0,0,0,0,0,0,"NotAge"
"RABGGTB",1,0,0,0,0,0,0,0,"NotAge"
"LAMB1",1,0,0,0,1,1,1,0,"NotAge"
"HNF4A",4,1,0,2,1,2,1,1,"NotAge"
"COL4A2",1,0,0,0,1,1,1,0,"NotAge"
"SERPINE2",1,0,0,0,1,1,1,0,"NotAge"
"ITGA11",1,0,0,0,1,0,1,0,"NotAge"
"LRRC15",5,1,0,3,1,2,1,1,"NotAge"
"DLG1-AS1",2,0,0,0,1,1,0,0,"NotAge"
"FGL1",4,1,0,2,1,1,1,1,"NotAge"
"UGT2B10",3,1,0,1,1,1,1,1,"NotAge"
"FN1",2,0,0,0,1,0,1,0,"NotAge"
"UGT2A3",3,1,0,1,1,1,1,1,"NotAge"
"GDF6",3,1,0,1,1,2,1,1,"NotAge"
"FGB",3,1,0,2,1,2,1,1,"NotAge"
"LINC01076",1,0,0,0,1,0,1,0,"NotAge"
"LINC01443",1,0,0,0,1,0,1,0,"NotAge"
"PCAT14",3,1,0,1,1,1,1,1,"NotAge"
"MUC5B",2,0,0,1,1,1,1,0,"NotAge"
"CPN1",2,0,0,1,1,0,0,0,"NotAge"
"IGFBP3",2,0,0,1,1,0,1,0,"Age"
"PPIAP87",3,0,0,2,1,0,1,0,"NotAge"
"TMEM158",2,0,0,1,0,0,0,0,"NotAge"
"MAGEA10",1,0,0,0,1,0,1,0,"NotAge"
"LINC03061",2,0,0,1,1,1,0,0,"NotAge"
"NR1H4",2,0,0,0,1,0,1,0,"NotAge"
"ITGA3",1,0,0,0,1,1,1,0,"NotAge"
"FST",1,0,0,0,1,0,1,0,"NotAge"
"TBX3",1,0,0,0,1,0,1,0,"NotAge"
"RPL18AP8",1,0,0,0,1,0,0,0,"NotAge"
"CYP24A1",1,0,0,0,1,0,1,0,"NotAge"
"ABCC2",1,0,0,0,1,0,1,0,"NotAge"
"SCNN1B",1,0,0,0,1,0,0,0,"NotAge"
"ETV4",2,0,0,1,1,0,0,0,"NotAge"
"TFPI2",1,0,0,0,1,0,0,0,"NotAge"
"PRAMEF4",1,0,0,0,1,0,0,0,"NotAge"
"RN7SL664P",0,0,0,1,0,1,0,0,"NotAge"
"RN7SL546P",1,0,0,1,0,1,0,0,"NotAge"
"RN7SL69P",1,0,0,0,0,1,0,0,"NotAge"
"RN7SL359P",1,0,0,1,0,0,0,0,"NotAge"
"RN7SL480P",1,0,0,0,0,0,0,0,"NotAge"
"RN7SL126P",1,0,0,1,0,1,0,0,"NotAge"
"RN7SL507P",1,0,0,1,0,1,0,0,"NotAge"
"RN7SL394P",1,0,0,1,0,0,0,0,"NotAge"
"RN7SL38P",1,0,0,1,0,0,0,0,"NotAge"
"RN7SL666P",1,0,0,0,0,0,0,0,"NotAge"
"RN7SL128P",1,0,0,0,0,0,0,0,"NotAge"
"RN7SL183P",1,0,0,1,0,0,0,0,"NotAge"
"RN7SL586P",1,0,0,0,0,0,0,0,"NotAge"
"RN7SL482P",1,0,0,0,0,1,0,0,"NotAge"
"RN7SL714P",1,0,0,0,0,1,0,0,"NotAge"
"RN7SL685P",1,0,0,1,0,0,0,0,"NotAge"
"RN7SL144P",1,0,0,1,0,0,0,0,"NotAge"
"RN7SL8P",1,0,0,1,0,0,0,0,"NotAge"
"RN7SL278P",1,0,0,0,0,0,0,0,"NotAge"
"RN7SL598P",1,0,0,0,0,1,0,0,"NotAge"
"RN7SL679P",1,0,0,1,0,1,0,0,"NotAge"
"RN7SL597P",1,0,0,1,0,1,0,0,"NotAge"
"RN7SL125P",1,0,0,0,0,1,0,0,"NotAge"
"RN7SL122P",1,0,0,0,0,1,0,0,"NotAge"
"RN7SL300P",1,0,0,0,0,1,0,0,"NotAge"
"RN7SL366P",1,0,0,1,0,0,0,0,"NotAge"
"RN7SL828P",1,0,0,0,0,1,0,0,"NotAge"
"RN7SL2",1,0,0,1,0,0,0,0,"NotAge"
"RN7SL769P",1,0,0,1,0,1,0,0,"NotAge"
"RN7SL767P",1,0,0,0,0,0,0,0,"NotAge"
"RN7SL107P",1,0,0,1,0,0,0,0,"NotAge"
"RN7SL147P",1,0,0,1,0,0,0,0,"NotAge"
"RN7SL713P",1,0,0,0,0,0,0,0,"NotAge"
"RN7SL493P",1,0,0,0,0,0,0,0,"NotAge"
"RN7SL7P",1,0,0,2,0,1,0,0,"NotAge"
"RN7SL166P",1,0,0,0,0,1,0,0,"NotAge"
"RN7SL865P",1,0,0,0,0,0,0,0,"NotAge"
"RN7SL521P",1,0,0,1,0,0,0,0,"NotAge"
"RN7SL645P",1,0,0,0,0,0,0,0,"NotAge"
"RN7SL712P",1,0,0,0,0,0,0,0,"NotAge"
"RN7SL563P",1,0,0,0,0,1,0,0,"NotAge"
"RN7SL795P",1,0,0,1,0,0,0,0,"NotAge"
"RN7SL468P",1,0,0,0,0,0,0,0,"NotAge"
"RN7SL342P",1,0,0,2,0,0,0,0,"NotAge"
"MIR2115",1,0,0,1,0,0,0,0,"NotAge"
"ITCH-IT1",2,0,0,1,0,0,0,0,"NotAge"
"RNU7-23P",2,0,0,1,0,0,0,0,"NotAge"
"PINX1-DT",2,0,0,0,0,0,0,0,"NotAge"
"MIR4678",2,0,0,1,0,0,0,0,"NotAge"
"CACNG1",1,0,0,1,0,0,0,0,"NotAge"
"RAB6B",0,0,0,1,0,0,0,0,"NotAge"
"DNAJC6",1,0,0,0,0,0,0,0,"NotAge"
"CLCN4",1,0,0,1,0,0,0,0,"NotAge"
"RNU7-186P",2,0,0,1,0,0,0,0,"NotAge"
"LY6G6E",3,0,0,1,0,0,0,0,"NotAge"
"ITGB3",3,0,0,1,0,0,0,0,"NotAge"
"TUBB1",3,0,0,1,0,0,0,0,"NotAge"
"PPBP",3,0,0,1,0,0,0,0,"NotAge"
"GP9",3,0,0,1,0,0,0,0,"NotAge"
"SELP",2,0,0,1,0,0,0,0,"NotAge"
"LINC02694",3,0,0,0,0,0,0,0,"NotAge"
"LY6G6D",3,0,0,1,0,0,0,0,"NotAge"
"LY6G6F-LY6G6D",3,0,0,1,0,0,0,0,"NotAge"
"GP6",3,0,0,0,0,0,0,0,"NotAge"
"EFCAB13-DT",1,0,0,0,0,0,0,0,"NotAge"
"PF4V1",2,0,0,0,0,0,0,0,"NotAge"
"LGALSL",1,0,0,0,0,0,0,0,"NotAge"
"ARHGAP6",1,0,0,0,0,0,0,0,"NotAge"
"F2RL3",1,0,0,0,0,0,0,0,"NotAge"
"SRSF2",3,0,0,0,0,0,0,0,"NotAge"
"HNRNPC",3,1,0,4,0,2,0,0,"NotAge"
"SRP72",2,0,0,2,0,0,0,0,"NotAge"
"ILF3",4,0,0,3,0,0,0,0,"NotAge"
"HNRNPDL",1,0,0,0,0,0,0,0,"NotAge"
"PTBP1",6,1,0,2,0,1,0,0,"NotAge"
"RAC1P6",4,0,0,3,1,0,0,0,"NotAge"
"DAZAP1",5,1,0,2,0,1,0,0,"NotAge"
"DDX49",3,1,0,1,0,0,0,0,"NotAge"
"DDX54",4,1,0,1,0,0,0,0,"NotAge"
"TXNL4A",3,2,0,1,0,0,0,0,"NotAge"
"DHX37",5,0,0,2,0,0,0,0,"NotAge"
"VCP",3,1,0,2,1,0,0,0,"Age"
"DUS1L",6,1,0,2,0,1,0,0,"NotAge"
"RPL6P2",2,0,0,0,0,0,0,0,"NotAge"
"GTF2F1",2,0,0,1,0,0,0,0,"NotAge"
"H2BC14",1,1,0,1,1,1,0,1,"NotAge"
"H4C6",1,1,0,1,1,1,0,1,"NotAge"
"RPL7AP31",3,3,0,2,0,0,0,0,"NotAge"
"RPL18",6,3,0,4,0,0,0,0,"NotAge"
"RPL31",5,3,0,3,0,0,0,0,"NotAge"
"RPL6",5,3,0,2,0,0,0,0,"NotAge"
"EIF3L",5,3,0,3,0,0,0,0,"NotAge"
"RPL3",5,3,0,3,0,0,0,0,"NotAge"
"RPS16",3,1,0,3,0,0,0,0,"NotAge"
"RPL18A",5,3,0,3,0,0,0,0,"NotAge"
"RPL19",6,3,0,3,0,0,0,0,"NotAge"
"RPL34",5,3,0,3,0,0,0,0,"NotAge"
"SH3D19",5,2,0,3,0,0,0,0,"NotAge"
"RPS13",5,3,0,3,0,0,0,0,"NotAge"
"RPS12",5,3,0,3,0,0,0,0,"NotAge"
"RPL24",6,3,0,3,0,0,0,0,"NotAge"
"EEF1B2",5,3,0,3,0,0,0,0,"NotAge"
"RPS15",5,3,0,3,0,0,0,0,"NotAge"
"RPL22",6,3,0,2,0,0,0,0,"NotAge"
"RPL5",6,3,0,3,0,0,0,0,"NotAge"
"RPS10",5,3,0,3,0,0,0,0,"NotAge"
"RPL23",6,3,0,3,0,0,0,0,"NotAge"
"RPL36",5,3,0,3,0,0,0,0,"NotAge"
"RPL27",5,3,0,3,0,0,0,0,"NotAge"
"RPS15A",5,3,0,3,0,0,0,0,"NotAge"
"RPL35",5,3,0,3,0,0,0,0,"NotAge"
"RPS6",4,3,0,3,0,0,0,0,"NotAge"
"RPS24",5,3,0,3,0,0,0,0,"NotAge"
"RPS2",5,3,0,3,0,0,0,0,"NotAge"
"RPS11",5,3,0,3,0,0,0,0,"NotAge"
"RPL13A",5,3,0,3,0,0,0,0,"NotAge"
"RPL11",6,3,0,3,0,0,0,0,"NotAge"
"RPS8",5,3,0,3,0,0,0,0,"NotAge"
"RPS27A",5,3,0,2,0,0,0,0,"NotAge"
"NBEAL1",4,3,0,3,0,0,0,0,"NotAge"
"RPL32",6,3,0,3,0,0,0,0,"NotAge"
"RPS3A",5,2,0,3,0,0,0,0,"NotAge"
"RPL37",5,3,0,3,0,0,0,0,"NotAge"
"BTF3",6,3,0,3,0,0,0,0,"NotAge"
"RPL10",5,3,0,3,0,0,0,0,"NotAge"
"RPL7",4,3,0,3,0,0,0,0,"NotAge"
"RPL7A",5,3,0,3,0,0,0,0,"NotAge"
"RPS3",4,3,0,2,0,0,0,0,"NotAge"
"FAU",3,3,0,2,0,2,0,0,"NotAge"
"ATG10",6,3,0,3,0,0,0,0,"NotAge"
"RPL30",5,3,0,2,0,0,0,0,"NotAge"
"EEF1A1",6,3,0,3,0,0,0,0,"Age"
"RPL26",5,3,0,3,0,0,0,0,"NotAge"
"RPL29",5,3,0,3,0,0,0,0,"NotAge"
"RPS14",5,3,0,3,0,0,0,0,"NotAge"
"RPL27A",5,3,0,3,0,0,0,0,"NotAge"
"RPL13",5,3,0,3,0,0,0,0,"NotAge"
"RPSA",5,3,0,2,0,0,0,0,"NotAge"
"RPS9",4,3,0,3,0,0,0,0,"NotAge"
"RPS21",3,3,0,2,0,0,0,0,"NotAge"
"RPS7",5,3,0,3,0,0,0,0,"NotAge"
"RPL38",5,3,0,3,0,0,0,0,"NotAge"
"RPL4",7,3,0,4,0,0,0,0,"NotAge"
"RPL15",6,3,0,3,0,0,0,0,"NotAge"
"CDY13P",4,1,0,2,0,0,0,0,"NotAge"
"TMEM256P2",5,3,0,3,0,0,0,0,"NotAge"
"OAZ1P1",5,3,0,3,0,0,0,0,"NotAge"
"PDZPH1P",5,3,0,3,0,0,0,0,"NotAge"
"FDX1P2",5,3,0,3,0,0,0,0,"NotAge"
"IGHD4-23",5,3,0,3,0,0,0,0,"NotAge"
"SPATA13-AS1",4,3,0,3,0,0,0,0,"NotAge"
"THRAP3P1",4,3,0,2,0,0,0,0,"NotAge"
"HPN-AS1",5,3,0,3,0,0,0,0,"NotAge"
"STEAP2-AS1",5,3,0,2,0,0,0,0,"NotAge"
"SRP68P2",5,3,0,3,0,0,0,0,"NotAge"
"KRT8P44",6,3,0,3,0,0,0,0,"NotAge"
"SRGAP3-AS3",5,3,0,2,0,0,0,0,"NotAge"
"RPL3P2",5,3,0,3,0,0,0,0,"NotAge"
"RPL36AP7",5,3,0,3,0,0,0,0,"NotAge"
"HMGN2P21",5,3,0,3,0,0,0,0,"NotAge"
"POLR2J2",4,3,0,2,0,0,0,0,"NotAge"
"TOP3BP1",5,3,0,3,0,0,0,0,"NotAge"
"RANP5",5,3,0,3,0,0,0,0,"NotAge"
"LINC01736",6,3,0,3,0,0,0,0,"NotAge"
"LINC01515",5,3,0,3,0,0,0,0,"NotAge"
"LINC01740",5,3,0,3,0,0,0,0,"NotAge"
"MTCO3P29",6,3,0,3,0,0,0,0,"NotAge"
"UBBP5",3,3,0,2,0,0,0,0,"NotAge"
"HLA-U",5,3,0,3,0,0,0,0,"NotAge"
"SIM1-AS1",3,3,0,3,0,0,0,0,"NotAge"
"PNKDP1",6,3,0,3,0,0,0,0,"NotAge"
"COX6CP15",5,3,0,3,0,0,0,0,"NotAge"
"MTATP6P11",6,3,0,3,0,0,0,0,"NotAge"
"LINC01757",5,2,0,3,0,0,0,0,"NotAge"
"RPL41",4,3,0,3,0,0,0,0,"NotAge"
"RPL29P4",6,3,0,3,0,0,0,0,"NotAge"
"RPS23P8",6,3,0,3,0,0,0,0,"NotAge"
"RPS18",5,3,0,3,0,0,0,0,"NotAge"
"EEF1B2P3",5,3,0,3,0,0,0,0,"NotAge"
"RPL3P4",5,3,0,3,0,0,0,0,"NotAge"
"EEF1A1P6",6,3,0,3,0,0,0,0,"NotAge"
"RPS27P4",5,3,0,3,0,0,0,0,"NotAge"
"RPS3AP6",5,3,0,3,0,0,0,0,"NotAge"
"RPL23AP42",5,3,0,3,0,0,0,0,"NotAge"
"RPL39P3",5,3,0,3,0,0,0,0,"NotAge"
"RPL6P27",6,3,0,3,0,0,0,0,"NotAge"
"RPL13AP5",5,3,0,3,0,0,0,0,"NotAge"
"RPSAP15",4,3,0,3,0,0,0,0,"NotAge"
"RPL9P7",5,3,0,3,0,0,0,0,"NotAge"
"RPL21P39",3,3,0,2,0,0,0,0,"NotAge"
"RPSAP12",3,3,0,3,0,0,0,0,"NotAge"
"RPL7AP30",5,3,0,3,0,0,0,0,"NotAge"
"RPL7AP6",5,3,0,3,0,0,0,0,"NotAge"
"RPL6P10",6,3,0,3,0,0,0,0,"NotAge"
"RPL21P53",5,3,0,3,0,0,0,0,"NotAge"
"RPL36AP37",5,3,0,3,0,0,0,0,"NotAge"
"RPL17P7",5,3,0,3,0,0,0,0,"NotAge"
"RPL30-AS1",5,3,0,3,0,0,0,0,"NotAge"
"EEF1G",5,3,0,3,0,0,0,0,"NotAge"
"RPL17",6,3,0,3,0,0,0,0,"NotAge"
"RPS10-NUDT3",5,3,0,3,0,0,0,0,"NotAge"
"EIF3G",3,1,0,5,0,2,0,0,"NotAge"
"EIF3D",3,3,0,2,0,0,0,0,"NotAge"
"EEF2",3,3,0,2,0,0,0,0,"Age"
"EIF3F",4,3,0,3,0,0,0,0,"NotAge"
"LINC01494",6,3,0,3,0,0,0,0,"NotAge"
"RPS5",2,3,0,2,0,0,0,0,"NotAge"
"RPLP0",4,3,0,3,0,0,0,0,"NotAge"
"FBL",3,1,0,2,0,0,0,0,"NotAge"
"NOP53",3,3,0,1,0,0,0,0,"NotAge"
"UXT",4,3,0,2,0,0,0,0,"NotAge"
"EIF2D",3,0,0,2,0,0,0,0,"NotAge"
"QARS1",3,1,0,2,0,0,0,0,"NotAge"
"TMEM252-DT",2,0,0,2,0,0,0,0,"NotAge"
"HDAC9-AS1",5,2,0,3,0,0,0,0,"NotAge"
"ISCA1P6",5,3,0,1,0,0,0,0,"NotAge"
"RPL7P47",4,3,0,3,0,0,0,0,"NotAge"
"PHB1P3",6,3,0,3,0,0,0,0,"NotAge"
"RPLP0P9",3,3,0,2,0,0,0,0,"NotAge"
"RPL4P4",4,3,0,3,0,0,0,0,"NotAge"
"RPL5P4",5,3,0,3,0,0,0,0,"NotAge"
"EIF3FP3",2,0,0,3,0,0,0,0,"NotAge"
"RPL5P34",5,3,0,3,0,0,0,0,"NotAge"
"RPL7AP11",2,0,0,1,0,0,0,0,"NotAge"
"RPS2P5",3,1,0,2,0,0,0,0,"NotAge"
"UXT-AS1",2,0,0,1,0,0,0,0,"NotAge"
"RPS20",4,3,0,2,0,0,0,0,"NotAge"
"MANBA",0,0,0,0,0,0,0,0,"NotAge"
"ADPGK",1,0,0,0,0,1,0,0,"NotAge"
"ZC3H15",3,0,0,1,0,2,0,0,"NotAge"
"CDV3",1,0,0,0,0,1,0,0,"NotAge"
"UBQLN1",1,0,0,0,0,1,0,0,"NotAge"
"AKIRIN1",2,0,0,0,0,1,0,0,"NotAge"
"RBM39",2,0,0,0,0,2,0,0,"NotAge"
"CCDC59",1,0,0,0,0,2,0,0,"NotAge"
"BNIP2",1,0,0,0,0,1,0,0,"NotAge"
"SPOPL-DT",2,0,0,0,0,1,0,0,"NotAge"
"GGNBP2",1,0,0,0,0,1,0,0,"NotAge"
"DDX5",1,0,0,0,0,1,0,0,"NotAge"
"SYF2",1,0,0,0,0,1,0,0,"NotAge"
"EIF1",1,0,0,0,0,1,0,0,"NotAge"
"SAP30BP",1,0,0,0,0,1,0,0,"NotAge"
"CARM1",1,0,0,0,0,0,0,0,"NotAge"
"YIPF2",3,0,0,1,0,0,0,0,"NotAge"
"GYPB",1,0,0,0,0,0,0,0,"NotAge"
"GYPA",1,0,0,0,0,0,0,0,"NotAge"
"MYO9B",0,0,0,0,0,0,0,0,"NotAge"
"ARHGEF1",2,0,0,0,0,0,0,0,"NotAge"
"USF2",4,0,0,0,0,0,0,0,"NotAge"
"GIT2",4,0,0,1,0,1,0,0,"NotAge"
"MYL12BP2",2,0,0,0,0,0,0,0,"NotAge"
"TYK2",1,0,0,0,0,0,0,0,"NotAge"
"TRIOBP",1,0,0,0,0,0,0,0,"NotAge"
"TOMM40",1,0,0,0,0,0,0,0,"NotAge"
"PRPF19",3,1,0,2,0,0,0,0,"NotAge"
"PRMT1",2,0,0,1,0,0,0,0,"NotAge"
"PSMD3",2,1,0,2,0,0,0,0,"NotAge"
"CLPP",1,0,0,0,0,0,0,0,"NotAge"
"PPM1G",1,0,0,0,0,0,0,0,"NotAge"
"IL6ST-DT",2,0,0,0,0,0,0,0,"NotAge"
"NUDC",1,0,0,0,0,0,0,0,"NotAge"
"SNRPA",3,0,0,1,0,0,0,0,"NotAge"
"KHSRP",3,0,0,2,0,0,0,0,"NotAge"
"EIF3B",2,0,0,1,0,0,0,0,"NotAge"
"TRIM28",3,1,0,1,0,0,0,0,"NotAge"
"PA2G4",2,0,0,0,0,1,0,0,"NotAge"
"SSRP1",2,0,0,0,0,0,0,0,"NotAge"
"LINC01839",1,0,0,0,0,0,0,0,"NotAge"
"BTBD9-AS1",1,0,0,0,0,0,0,0,"NotAge"
"NUP35P1",1,0,0,0,0,0,0,0,"NotAge"
"LINC00457",1,0,0,0,0,0,0,0,"NotAge"
"SRM",1,0,0,0,0,0,0,0,"NotAge"
"NSA2",1,0,0,1,0,0,0,0,"NotAge"
"EIF2A",2,0,0,1,0,0,0,0,"NotAge"
"IGBP1",2,0,0,1,0,0,0,0,"NotAge"
"LGALS8-AS1",1,0,0,0,0,0,0,0,"NotAge"
"NSA2P7",1,0,0,0,0,0,0,0,"NotAge"
"SPI1",0,0,0,0,0,0,0,0,"NotAge"
"EFHD2",2,0,0,0,0,0,0,0,"NotAge"
"POLR1G",1,0,0,0,0,0,0,0,"NotAge"
"ERCC1",1,0,0,0,0,0,0,0,"Age"
"CLINT1",0,0,0,0,0,0,0,0,"NotAge"
"RBM22",1,0,0,0,0,0,0,0,"NotAge"
"C2orf49",1,0,0,0,0,0,0,0,"NotAge"
"RNF44",0,0,0,0,0,0,0,0,"NotAge"
"CELSR2",1,0,0,1,0,0,0,0,"NotAge"
"SPEF1",1,1,0,2,1,1,0,1,"NotAge"
"ZBTB45P1",1,1,0,3,1,1,0,1,"NotAge"
"NRF1",0,0,0,1,0,0,0,0,"NotAge"
"CTCF",2,0,0,3,0,0,0,0,"NotAge"
"NOP14",1,0,0,1,0,0,0,0,"NotAge"
"PRPF6",2,0,0,1,0,1,0,0,"NotAge"
"SNRPGP8",1,1,0,1,0,0,0,0,"NotAge"
"TRIM60P9Y",9,3,0,7,1,1,0,0,"NotAge"
"RNF11P2",4,2,0,3,0,3,0,0,"NotAge"
"URM1",4,2,0,4,0,2,0,0,"NotAge"
"KARS1",1,0,0,1,0,0,0,0,"NotAge"
"SYMPK",4,1,0,4,0,0,0,0,"NotAge"
"LINC01203",2,0,0,3,0,1,0,0,"NotAge"
"AATF",2,1,0,3,0,0,0,0,"NotAge"
"CS",4,0,0,3,0,2,0,0,"NotAge"
"SEC61A1",2,1,0,2,0,1,0,0,"NotAge"
"PHF5A",2,1,0,2,0,0,0,0,"NotAge"
"MAZ",1,0,0,1,0,0,0,0,"NotAge"
"NCL",2,0,0,1,0,0,0,0,"NotAge"
"XRCC3",2,0,0,2,0,0,0,0,"NotAge"
"PRKCSH",1,0,0,3,0,1,0,0,"NotAge"
"EIF5A",1,0,0,1,0,0,0,0,"NotAge"
"SMPD4",3,1,0,3,0,0,0,0,"NotAge"
"JTB",3,0,0,3,0,1,0,0,"NotAge"
"ATXN2L",6,0,0,5,1,0,0,0,"NotAge"
"HCFC1",3,0,0,2,0,0,0,0,"NotAge"
"RPL37P24",1,0,0,1,0,0,0,0,"NotAge"
"MVP-DT",2,0,0,1,0,0,0,0,"NotAge"
"EIF5AL1",1,0,0,1,0,0,0,0,"NotAge"
"CACTIN",5,0,0,2,0,0,0,0,"NotAge"
"CIZ1",6,0,0,6,0,1,0,0,"NotAge"
"SNAPC4",3,0,0,3,0,0,0,0,"NotAge"
"SHROOM2P1",7,0,0,5,0,1,0,0,"NotAge"
"CSE1L-DT",3,0,0,2,0,1,0,0,"NotAge"
"PARG",2,2,0,1,0,0,0,0,"NotAge"
"SMARCB1",1,0,0,3,0,0,0,0,"NotAge"
"SF3A2",1,0,0,2,0,0,0,0,"NotAge"
"TRMT1",2,0,0,1,0,0,0,0,"NotAge"
"MRPL9",1,1,0,1,0,0,0,0,"NotAge"
"IMP4",1,0,0,1,0,0,0,0,"NotAge"
"DNPEP",1,0,0,1,0,0,0,0,"NotAge"
"PRPF31-AS1",1,0,0,1,0,0,0,0,"NotAge"
"PSMA2P3",2,0,0,3,0,0,0,0,"NotAge"
"DUS3L",2,0,0,1,0,0,0,0,"NotAge"
"SNRPB",1,0,0,1,0,0,0,0,"NotAge"
"LINC02871",0,0,0,0,0,0,0,0,"NotAge"
"C4orf50",1,0,0,0,0,0,0,0,"NotAge"
"CREBBP",1,0,0,0,0,0,0,0,"Age"
"PEDS1-UBE2V1",1,0,0,0,0,0,0,0,"NotAge"
"UBE2V1",1,0,0,0,0,0,0,0,"NotAge"
"SMARCA4",2,0,0,0,0,0,0,0,"NotAge"
"KEAP1",1,0,0,0,0,0,0,0,"NotAge"
"TMED1",1,0,0,0,0,0,0,0,"NotAge"
"MRPL4",1,0,0,0,0,0,0,0,"NotAge"
"EIF2B1",1,2,0,1,0,1,0,0,"NotAge"
"MAPKAP1",2,3,0,4,1,2,0,0,"NotAge"
"WDR83",2,2,0,0,0,0,0,0,"NotAge"
"UBE2V1P5",1,1,0,2,0,1,0,0,"NotAge"
"PYURF",1,2,0,0,0,1,0,0,"NotAge"
"URI1",1,1,0,0,0,0,0,0,"NotAge"
"BLTP2",1,1,0,1,0,0,0,0,"NotAge"
"SLC17A2",0,0,0,0,1,0,0,0,"NotAge"
"UBE2G2",0,0,0,0,0,0,0,0,"NotAge"
"GREB1",1,0,0,0,0,0,0,0,"NotAge"
"KDM2B",0,0,0,0,0,0,0,0,"NotAge"
"ITGB2-AS1",0,0,0,0,0,0,0,0,"NotAge"
"AP1G2-AS1",1,0,0,0,0,0,0,0,"NotAge"
"HDAC10",1,0,0,1,0,2,0,0,"NotAge"
"CARS2",2,0,0,2,0,2,0,0,"NotAge"
"RPSAP64",1,0,0,2,0,1,0,0,"NotAge"
"TAFAZZIN",2,0,0,0,0,0,0,0,"NotAge"
"NADSYN1",1,0,0,0,0,0,0,0,"NotAge"
"LRCH4",1,0,0,0,0,0,0,0,"NotAge"
"SLX9",0,0,0,0,0,0,0,0,"NotAge"
"TPI1P1",2,0,0,0,0,0,0,0,"NotAge"
"FAM207BP",1,0,0,0,0,0,0,0,"NotAge"
"NIN",0,0,0,0,0,0,0,0,"NotAge"
"SCYL1",0,0,0,0,0,0,0,0,"NotAge"
"OTUD5",1,0,0,0,0,1,0,0,"NotAge"
"JMJD7-PLA2G4B",2,0,0,0,0,0,0,0,"NotAge"
"PLA2G4B",2,0,0,0,0,0,0,0,"NotAge"
"JMJD7",2,0,0,0,0,0,0,0,"NotAge"
"VPS39",1,0,0,0,0,0,0,0,"NotAge"
"VPS39-DT",1,0,0,0,0,0,0,0,"NotAge"
"TMEM87A",1,0,0,0,0,0,0,0,"NotAge"
"CSK",0,0,0,0,0,0,0,0,"NotAge"
"RNPEPL1",1,0,0,0,0,0,0,0,"NotAge"
"COX7A1",1,0,0,2,0,0,0,0,"NotAge"
"UCHL1",1,0,0,1,0,0,0,0,"Age"
"RAB6C",1,1,0,2,1,1,0,1,"NotAge"
"H2AC4",2,6,0,6,3,2,0,6,"NotAge"
"LINC02975",2,3,0,3,1,2,0,3,"NotAge"
"H3C8",2,6,0,6,3,4,0,6,"NotAge"
"H2AC12",2,6,0,6,3,4,0,6,"NotAge"
"H4C4",3,5,0,5,2,2,0,5,"NotAge"
"H2BC10",3,5,0,5,2,4,0,5,"NotAge"
"H2AC17",2,5,0,5,3,2,0,5,"NotAge"
"H4C12",1,3,0,3,2,2,0,3,"NotAge"
"EEF1A1P36",1,4,0,4,3,2,0,4,"NotAge"
"RNA5SP115",3,7,0,7,3,4,0,7,"NotAge"
"PMS2P7",0,0,0,0,0,0,0,0,"NotAge"
"NOL7",1,0,0,0,0,1,0,0,"NotAge"
"RPL36AP45",0,0,0,0,0,0,0,0,"NotAge"
"RPL36AP21",1,0,0,0,0,0,0,0,"NotAge"
"SPATA31D1",1,0,0,0,0,0,0,0,"NotAge"
"LINC02092",0,0,0,0,0,0,0,0,"NotAge"
"C1orf122",1,0,0,1,0,0,0,0,"NotAge"
"RN7SL836P",0,0,0,0,0,0,0,0,"NotAge"
"RN7SL143P",1,0,0,0,0,0,0,0,"NotAge"
"RN7SL326P",1,0,0,0,0,0,0,0,"NotAge"
"RN7SL43P",1,0,0,0,0,0,0,0,"NotAge"
"RN7SL149P",1,0,0,0,0,1,0,0,"NotAge"
"RN7SL635P",1,0,0,0,0,0,0,0,"NotAge"
"RN7SL643P",1,0,0,0,0,0,0,0,"NotAge"
"RN7SL346P",1,0,0,0,0,0,0,0,"NotAge"
"RN7SL564P",1,0,0,0,0,0,0,0,"NotAge"
"RN7SL160P",1,0,0,0,0,0,0,0,"NotAge"
"MAN2C1",0,0,0,0,0,0,0,0,"NotAge"
"FMC1-LUC7L2",1,0,0,1,0,0,0,0,"NotAge"
"LUC7L2",1,0,0,0,0,0,0,0,"NotAge"
"TSC2",0,0,0,1,0,0,0,0,"NotAge"
"INO80B-WBP1",3,0,0,3,0,1,0,0,"NotAge"
"SMARCC2",1,0,0,1,0,0,0,0,"NotAge"
"MIR663AHG",2,0,0,1,0,1,0,0,"NotAge"
"PNKP",8,2,0,4,1,1,0,0,"NotAge"
"CTBP1",4,2,0,1,0,1,0,0,"NotAge"
"CTBP1-AS",3,0,0,1,0,1,0,0,"NotAge"
"WIZ",3,0,0,1,0,0,0,0,"NotAge"
"CENPT",2,1,0,1,0,0,0,0,"NotAge"
"ATG4B",1,0,0,1,0,0,0,0,"NotAge"
"PPP6R2",5,0,0,0,0,1,0,0,"NotAge"
"PTOV1",1,0,0,1,0,0,0,0,"NotAge"
"ANKRD52",3,0,0,0,0,0,0,0,"NotAge"
"RHOT2",7,1,0,4,0,2,0,0,"NotAge"
"PTOV1-AS2",3,0,0,1,0,1,0,0,"NotAge"
"PTPN23",3,0,0,1,0,1,0,0,"NotAge"
"RPL21P20",3,0,0,1,0,0,0,0,"NotAge"
"RPL23AP43",5,0,0,1,0,1,0,0,"NotAge"
"IL18BP",3,0,0,1,0,0,0,0,"NotAge"
"TRIM41",2,1,0,2,0,1,0,0,"NotAge"
"ABCB9",3,0,0,2,0,1,0,0,"NotAge"
"ZC3H7B",1,0,0,1,0,0,0,0,"NotAge"
"PTPRA",1,0,0,1,0,0,0,0,"NotAge"
"ZMIZ2",1,0,0,1,0,0,0,0,"NotAge"
"BTBD2",1,0,0,1,0,0,0,0,"NotAge"
"LRSAM1",1,0,0,1,0,0,0,0,"NotAge"
"SGSM3",1,0,0,1,0,0,0,0,"NotAge"
"PRR12",1,0,0,1,0,0,0,0,"NotAge"
"GIT1",1,0,0,0,0,0,0,0,"NotAge"
"DNASE1",0,0,0,0,0,0,0,0,"NotAge"
"RCOR1",2,0,0,0,0,0,0,0,"NotAge"
"SEC14L5",0,0,0,0,0,0,0,0,"NotAge"
"TSPAN9",1,0,0,0,0,0,0,0,"NotAge"
"SOX7",0,0,0,0,0,0,0,0,"NotAge"
"MIR6722",1,0,0,0,0,0,0,0,"NotAge"
"SLC6A3",1,0,0,0,0,0,0,0,"NotAge"
"EDC4",5,1,0,1,0,1,0,0,"NotAge"
"CHMP1A",2,1,0,0,0,1,0,0,"NotAge"
"ZC3H18",4,1,0,3,1,1,0,0,"NotAge"
"SAFB",3,1,0,3,0,0,0,0,"NotAge"
"E4F1",5,2,0,2,0,2,0,0,"NotAge"
"POLG",3,1,0,1,1,0,0,0,"Age"
"SUPT6H",1,0,0,2,0,0,0,0,"NotAge"
"KMT2B",3,0,0,2,0,1,0,0,"NotAge"
"UBAP2L",1,0,0,2,1,0,0,0,"NotAge"
"SRCAP",3,0,0,3,0,0,0,0,"NotAge"
"TCF25",2,0,0,2,0,0,0,0,"NotAge"
"UBE2Z",2,0,0,1,0,1,0,0,"NotAge"
"PHF8",2,0,0,1,0,0,0,0,"NotAge"
"RPL31P19",3,0,0,1,0,1,0,0,"NotAge"
"PMFBP1",1,0,0,0,0,0,0,0,"NotAge"
"ANKRD11",3,0,0,0,0,0,0,0,"NotAge"
"RPL18AP2",2,0,0,0,0,0,0,0,"NotAge"
"MTND1P23",2,0,0,1,0,0,0,0,"NotAge"
"POM121C",2,0,0,1,0,0,0,0,"NotAge"
"AKT2",3,0,0,0,0,1,0,0,"NotAge"
"ZFPL1",2,0,0,0,0,0,0,0,"NotAge"
"IGHD6-25",2,0,0,0,0,0,0,0,"NotAge"
"PPP1R8",1,0,0,4,0,0,0,0,"NotAge"
"KANSL3",1,0,0,2,0,0,0,0,"NotAge"
"PRPF8",1,0,0,1,0,0,0,0,"NotAge"
"CSNK1G2",3,0,0,0,0,1,0,0,"NotAge"
"GIGYF1",1,0,0,1,0,0,0,0,"NotAge"
"RPL26P36",1,0,0,1,0,0,0,0,"NotAge"
"ZNF276",1,0,0,0,0,0,0,0,"NotAge"
"CCAR2",1,0,0,1,0,0,0,0,"NotAge"
"LEMD2",1,0,0,0,0,0,0,0,"NotAge"
"NUP214",1,0,0,0,0,0,0,0,"NotAge"
"EFTUD2",0,0,0,0,0,0,0,0,"NotAge"
"PSME3",2,1,0,0,0,0,0,0,"NotAge"
"DPP3",2,1,0,0,0,0,0,0,"NotAge"
"EIF4G1",2,1,0,0,0,0,0,0,"NotAge"
"SLIRPP1",1,1,0,1,0,1,0,0,"NotAge"
"FAT2",5,0,0,8,3,2,0,0,"NotAge"
"PEX5L",4,2,0,6,3,2,0,0,"NotAge"
"DGCR5",2,0,0,2,1,0,0,0,"NotAge"
"XKR7",4,0,1,4,2,0,0,0,"NotAge"
"TNR",5,0,0,8,3,2,0,0,"NotAge"
"GABRB2",4,2,0,7,3,2,0,0,"NotAge"
"SORCS3",3,0,0,5,3,1,0,0,"NotAge"
"C10orf55",4,0,0,6,2,1,0,0,"NotAge"
"PRUNE2",3,2,0,4,3,2,0,0,"NotAge"
"SLC7A14",2,0,0,4,3,1,0,0,"NotAge"
"KCNH1",3,0,0,5,2,1,0,0,"NotAge"
"SLC4A10",4,0,0,5,3,2,0,0,"NotAge"
"UNC80",3,0,0,5,3,2,0,0,"NotAge"
"CLVS2",2,0,0,4,3,0,0,0,"NotAge"
"NTRK2",2,0,0,4,3,1,0,0,"NotAge"
"SHC3",1,0,0,3,2,1,0,0,"NotAge"
"KCNJ16",1,0,0,3,2,0,0,0,"NotAge"
"LONRF2",1,2,0,3,3,1,0,0,"NotAge"
"CADM2",4,2,0,5,2,1,0,0,"NotAge"
"RPS28P7",2,1,0,5,3,2,0,0,"NotAge"
"CTNNA2",3,0,0,5,3,1,0,0,"NotAge"
"FHL5",2,0,0,4,3,0,0,0,"NotAge"
"AMPH",2,0,0,2,1,0,0,0,"NotAge"
"BRINP1",3,0,0,3,2,0,0,0,"NotAge"
"GPM6A",2,0,0,4,3,0,0,0,"NotAge"
"SYT4",2,0,0,4,3,0,0,0,"NotAge"
"CADPS",1,0,0,3,3,0,0,0,"NotAge"
"KSR2",1,0,0,2,2,1,0,0,"NotAge"
"ATCAY",2,0,0,2,1,0,0,0,"NotAge"
"HTR1E",1,0,0,1,1,0,0,0,"NotAge"
"MYRIP",2,0,0,2,2,0,0,0,"NotAge"
"LINC02068",1,0,0,2,2,0,0,0,"NotAge"
"RPL12P14",2,0,0,2,3,0,0,0,"NotAge"
"FNDC5",2,0,0,2,1,0,0,0,"NotAge"
"LRFN2",2,0,0,1,0,0,0,0,"NotAge"
"C1QL1",0,0,0,1,0,0,0,0,"NotAge"
"SEMA3B",1,0,0,2,0,0,0,0,"NotAge"
"MLXIPL",1,0,0,2,0,0,0,0,"NotAge"
"BCAR1",1,0,0,1,0,0,0,0,"NotAge"
"SOX10",1,0,0,2,0,0,0,0,"NotAge"
"EFCAB15P",0,0,0,0,0,0,0,0,"NotAge"
"CORO7",1,0,0,0,0,0,0,0,"NotAge"
"FMNL1-AS1",1,0,0,0,0,0,0,0,"NotAge"
"CDC27",0,0,0,0,0,0,0,0,"NotAge"
"CDC27P1",1,0,0,0,0,0,0,0,"NotAge"
"ERCC2",0,0,0,0,0,0,0,0,"Age"
"CABP5",1,0,0,1,0,0,0,0,"NotAge"
"CD226",1,0,0,1,0,0,0,0,"NotAge"
"TREML1",1,0,0,1,0,0,0,0,"NotAge"
"HPSE",1,0,0,1,0,0,0,0,"NotAge"
"OR4E2",1,0,0,1,0,0,0,0,"NotAge"
"LINC02284",1,0,0,1,0,0,0,0,"NotAge"
"MYLK-AS2",1,0,0,0,0,0,0,0,"NotAge"
"LRRC32",1,0,0,1,0,0,0,0,"NotAge"
"PDE5A",1,0,0,1,0,0,0,0,"NotAge"
"NPEPPS",0,0,0,0,0,0,0,0,"NotAge"
"KPNB1-DT",1,0,0,0,0,0,0,0,"NotAge"
"H2AC16",0,1,0,1,1,1,0,1,"NotAge"
"ARFGEF2",0,0,0,0,0,0,0,0,"NotAge"
"HECTD1",2,0,0,1,0,0,0,0,"NotAge"
"ITCH",1,0,0,0,0,0,0,0,"NotAge"
"IKZF5",0,0,0,0,0,0,0,0,"NotAge"
"YTHDC1",1,0,0,0,0,1,0,0,"NotAge"
"FBXL3",1,0,0,0,0,0,0,0,"NotAge"
"MED24",1,0,0,0,0,0,0,0,"NotAge"
"RPL35AP2",2,0,0,1,0,0,0,0,"NotAge"
"ELAVL1",3,1,0,0,0,0,0,0,"NotAge"
"HDGFL2",1,1,0,0,0,0,0,0,"NotAge"
"CNOT3",6,3,0,4,1,0,0,0,"NotAge"
"NUP188",1,0,0,0,0,0,0,0,"NotAge"
"GCN1",1,0,0,0,0,0,0,0,"NotAge"
"SCAP",1,0,0,0,0,0,0,0,"NotAge"
"MEN1",1,0,0,0,0,0,0,0,"NotAge"
"TRAF2",1,0,0,0,0,0,0,0,"NotAge"
"OPA3",0,0,0,0,0,0,0,0,"NotAge"
"OR9Q2",0,0,0,0,0,0,0,0,"NotAge"
"MIR1245B",1,0,0,0,0,0,0,0,"NotAge"
"DGKZ",0,0,0,0,0,0,0,0,"NotAge"
"TTC39DP",1,0,0,0,0,0,0,0,"NotAge"
"MIR3160-1",1,0,0,0,0,0,0,0,"NotAge"
"MIR3160-2",1,0,0,0,0,0,0,0,"NotAge"
"MARK2",0,0,0,1,0,0,0,0,"NotAge"
"RNF31",6,0,0,4,0,3,0,0,"NotAge"
"IKBKG",1,0,0,0,0,0,0,0,"NotAge"
"TBC1D10B",1,1,0,0,0,0,0,0,"NotAge"
"OTUB1",1,0,0,0,0,1,0,0,"NotAge"
"ACTR1A",1,0,0,0,0,0,0,0,"NotAge"
"BRAT1",0,0,0,0,0,0,0,0,"NotAge"
"RPS19",2,3,0,2,0,0,0,0,"NotAge"
"ATP5MC2",1,1,0,3,0,0,0,0,"NotAge"
"EIF3H",1,0,0,1,0,0,0,0,"NotAge"
"FAM245A",4,3,0,3,0,0,0,0,"NotAge"
"RPS27P8",4,3,0,3,0,0,0,0,"NotAge"
"RPL21P97",3,3,0,3,0,0,0,0,"NotAge"
"LINC02067",4,3,0,3,0,0,0,0,"NotAge"
"RPS18P5",4,3,0,3,0,0,0,0,"NotAge"
"RTRAF",1,0,0,1,0,0,0,0,"NotAge"
"LINC01655",2,2,0,2,0,0,0,0,"NotAge"
"CFL1P3",2,2,0,1,0,0,0,0,"NotAge"
"TNS2-AS1",1,0,0,1,0,0,0,0,"NotAge"
"RPL28",1,1,0,3,0,0,0,0,"NotAge"
"TPT1",2,3,0,1,0,0,0,0,"NotAge"
"HNRNPA1",2,2,0,1,0,0,0,0,"NotAge"
"RPLP1",2,1,0,2,0,0,0,0,"NotAge"
"HNRNPA1L2",2,2,0,1,0,0,0,0,"NotAge"
"UFC1",2,0,0,1,0,0,0,0,"NotAge"
"EIF2S2P5",4,3,0,2,0,0,0,0,"NotAge"
"LINC01716",1,0,0,2,0,0,0,0,"NotAge"
"SLC6A17-AS1",3,3,0,3,0,0,0,0,"NotAge"
"SOCS5P4",2,0,0,1,0,0,0,0,"NotAge"
"RPL21P93",3,3,0,3,0,0,0,0,"NotAge"
"RPL4P5",3,0,0,2,0,0,0,0,"NotAge"
"RPS15P4",3,1,0,3,0,0,0,0,"NotAge"
"NOA1",1,0,0,1,0,0,0,0,"NotAge"
"RPL36A-HNRNPH2",1,0,0,1,0,0,0,0,"NotAge"
"EIF3M",1,0,0,1,0,0,0,0,"NotAge"
"RPL18AP17",1,0,0,1,0,0,0,0,"NotAge"
"RPL6P19",1,0,0,1,0,0,0,0,"NotAge"
"CKS1BP2",1,0,0,1,0,0,0,0,"NotAge"
"EIF4B",1,0,0,1,0,0,0,0,"NotAge"
"SCG3",3,0,0,4,1,0,0,0,"NotAge"
"ATP1B2",3,0,0,3,1,0,0,0,"NotAge"
"FAM107A",2,0,0,3,1,0,0,0,"NotAge"
"ACAD10",0,0,0,0,0,0,0,0,"NotAge"
"KANSL2",0,0,0,0,0,0,0,0,"NotAge"
"SFPQ",1,0,0,0,0,1,0,0,"NotAge"
"CLDN3",2,0,0,2,0,0,0,0,"NotAge"
"NDUFV1",1,0,0,0,0,1,0,0,"NotAge"
"GNPTG",1,0,0,1,0,1,0,0,"NotAge"
"CAPN10",3,0,0,1,0,1,0,0,"NotAge"
"DRG2",1,0,0,2,0,1,0,0,"NotAge"
"USP19",5,0,0,2,0,1,0,0,"NotAge"
"KXD1",4,2,0,4,1,3,0,0,"NotAge"
"IDH3G",1,0,0,1,0,2,0,0,"NotAge"
"IDH3B",1,0,0,0,0,1,0,0,"NotAge"
"GORASP1",1,0,0,2,0,1,0,0,"NotAge"
"CTDNEP1",1,1,0,2,0,5,0,0,"NotAge"
"WBP1",1,0,0,1,0,1,0,0,"NotAge"
"TMEM219",1,0,0,1,0,2,0,0,"NotAge"
"UQCRC2",1,0,0,0,0,1,0,0,"NotAge"
"ATXN7L3",1,0,0,0,0,1,0,0,"NotAge"
"B3GAT3",1,0,0,1,0,1,0,0,"NotAge"
"DPH1",1,0,0,0,0,1,0,0,"NotAge"
"MAP2K5",1,0,0,1,0,1,0,0,"NotAge"
"OVCA2",1,0,0,1,0,1,0,0,"NotAge"
"UBE2D2",1,0,0,0,0,1,0,0,"NotAge"
"TUBGCP2",2,0,0,1,0,2,0,0,"NotAge"
"SLCO4A1",0,0,0,0,0,0,0,0,"NotAge"
"SLCO4A1-AS1",1,0,0,0,0,0,0,0,"NotAge"
"RFPL1",0,0,0,0,0,0,0,0,"NotAge"
"ITGA5",0,0,0,0,0,0,0,0,"NotAge"
"GPR84-AS1",1,0,0,0,0,0,0,0,"NotAge"
"WAC",4,1,0,4,0,0,0,0,"NotAge"
"CDK12",2,0,0,1,0,1,0,0,"NotAge"
"HNRNPA3P1",1,0,0,0,0,0,0,0,"NotAge"
"SMNDC1",1,0,0,0,0,0,0,0,"NotAge"
"WBP11",2,0,0,0,0,0,0,0,"NotAge"
"HNRNPH3",1,0,0,1,0,1,0,0,"NotAge"
"DHX9",3,0,0,3,0,0,0,0,"NotAge"
"SCAF4",1,0,0,0,0,0,0,0,"NotAge"
"SON",1,0,0,1,0,0,0,0,"NotAge"
"DNAJC21",1,0,0,0,0,0,0,0,"NotAge"
"NUS1P1",1,0,0,0,0,0,0,0,"NotAge"
"YBX1",1,1,0,0,0,0,0,0,"NotAge"
"SRRT",2,0,0,0,0,0,0,0,"NotAge"
"SYNCRIP",1,0,0,0,0,0,0,0,"NotAge"
"RPS15AP30",2,0,0,0,0,0,0,0,"NotAge"
"WASH8P",2,1,0,0,0,0,0,0,"NotAge"
"STAU2P1",1,0,0,0,0,0,0,0,"NotAge"
"HNRNPA3P5",1,0,0,0,0,0,0,0,"NotAge"
"TAF5L",2,0,0,0,0,0,0,0,"NotAge"
"NCBP2AS2",1,0,0,0,0,0,0,0,"NotAge"
"PABPC4",1,0,0,0,0,0,0,0,"NotAge"
"AKAP8",1,0,0,0,0,0,0,0,"NotAge"
"YTHDF1",2,0,0,0,0,0,0,0,"NotAge"
"ATRNL1",0,0,0,0,0,0,0,0,"NotAge"
"RIMS1",1,0,0,0,0,0,0,0,"NotAge"
"PROC",1,0,0,1,0,0,0,0,"NotAge"
"SSXP9",3,0,0,1,0,1,0,0,"NotAge"
"USP34",1,0,0,1,0,1,0,0,"NotAge"
"ARGLU1",1,0,0,2,0,1,0,0,"NotAge"
"YEATS2",1,0,0,1,0,1,0,0,"NotAge"
"ANGEL2",1,0,0,1,0,1,0,0,"NotAge"
"MBTD1",1,0,0,2,0,1,0,0,"NotAge"
"GRM5",1,0,0,4,2,0,0,0,"NotAge"
"DLG2",1,0,0,0,1,0,0,0,"NotAge"
"BRAP",0,0,0,0,0,0,0,0,"NotAge"
"RAB14",1,0,0,1,0,0,0,0,"NotAge"
"CIR1",1,0,0,1,0,0,0,0,"NotAge"
"PSG8-AS1",1,0,0,1,0,0,0,0,"NotAge"
"PSPC1P1",1,0,0,1,0,0,0,0,"NotAge"
"NMS",0,0,0,0,0,0,0,0,"NotAge"
"UBA52P7",0,1,0,0,0,0,0,0,"NotAge"
"RBM42",0,1,0,2,0,0,0,0,"NotAge"
"JMJD8",0,1,0,0,0,0,0,0,"NotAge"
"EDF1",0,1,0,1,0,0,0,0,"NotAge"
"HAUS4P1",0,1,0,0,0,0,0,0,"NotAge"
"RNF40",0,1,0,2,0,0,0,0,"NotAge"
"SIRT6",0,2,0,1,0,1,0,0,"Age"
"KXD1-AS1",0,1,0,1,0,2,0,0,"NotAge"
"COPE",0,1,0,2,0,2,0,0,"NotAge"
"CHCHD2",0,1,0,0,0,0,0,0,"NotAge"
"PSMA7",0,1,0,0,0,0,0,0,"NotAge"
"SNX3",0,1,0,0,0,1,0,0,"NotAge"
"TMEM59",0,1,0,0,0,1,0,0,"NotAge"
"DNAJC8",0,1,0,0,0,0,0,0,"NotAge"
"ENSA",0,1,0,5,0,2,0,0,"NotAge"
"PSMC1P1",0,1,0,0,0,0,0,0,"NotAge"
"RER1",2,2,0,1,0,0,0,0,"NotAge"
"WDR83OS",0,1,0,1,0,2,0,0,"NotAge"
"GPS2",0,1,0,2,0,1,0,0,"NotAge"
"C19orf47",0,1,0,0,0,0,0,0,"NotAge"
"TMEM230",0,1,0,0,0,0,0,0,"NotAge"
"COPZ1",0,1,0,0,0,0,0,0,"NotAge"
"CCDC142",0,1,0,0,0,1,0,0,"NotAge"
"LINC02803",0,1,0,0,0,0,0,0,"NotAge"
"SDF4",0,2,0,0,0,1,0,0,"NotAge"
"CNOT11",0,1,0,0,0,0,0,0,"NotAge"
"SSR2",0,1,0,1,0,2,0,0,"NotAge"
"SNF8",0,1,0,1,0,0,0,0,"NotAge"
"TRIR",0,1,0,1,0,1,0,0,"NotAge"
"RFXANK",1,1,0,0,0,0,0,0,"NotAge"
"POLDIP3",0,1,0,1,0,1,0,0,"NotAge"
"PDAP1",1,1,0,0,0,0,0,0,"NotAge"
"TEX261",0,1,0,0,0,0,0,0,"NotAge"
"HADHA",0,1,0,0,0,0,0,0,"NotAge"
"DAP3",0,1,0,0,0,0,0,0,"NotAge"
"PPIH",0,1,0,0,0,0,0,0,"NotAge"
"PLCL2-AS1",0,1,0,0,0,0,0,0,"NotAge"
"EMC7",0,1,0,1,0,0,0,0,"NotAge"
"ERH",1,1,0,0,0,0,0,0,"NotAge"
"RPS6KB2",0,1,0,0,0,0,0,0,"NotAge"
"SERF2",0,1,0,0,0,0,0,0,"NotAge"
"LAMA4-AS1",0,1,0,0,0,0,0,0,"NotAge"
"TRAPPC3",1,2,0,1,0,0,0,0,"NotAge"
"RTF2",0,1,0,0,0,2,0,0,"NotAge"
"PIGY",0,1,0,0,0,1,0,0,"NotAge"
"TMEM183AP2",0,1,0,0,0,0,0,0,"NotAge"
"LRPPRC",0,0,0,0,0,0,0,0,"NotAge"
"SERBP1",1,1,0,0,0,0,0,0,"NotAge"
"CCT4",0,1,0,0,0,0,0,0,"NotAge"
"HTD2",0,0,0,1,0,0,0,0,"NotAge"
"RPP14",0,0,0,1,0,0,0,0,"NotAge"
"PILRB",0,0,0,3,0,0,0,0,"NotAge"
"PVRIG2P",0,0,0,3,0,0,0,0,"NotAge"
"STAG3L5P",0,0,0,3,0,0,0,0,"NotAge"
"STAG3L5P-PVRIG2P-PILRB",0,0,0,3,0,0,0,0,"NotAge"
"EIF4A1P7",0,0,0,0,0,0,0,0,"NotAge"
"SENP3-EIF4A1",0,0,0,2,0,0,0,0,"NotAge"
"EIF4A1",0,0,0,1,0,0,0,0,"NotAge"
"EIF4A1P10",0,0,0,1,0,0,0,0,"NotAge"
"EIF4A1P2",0,0,0,1,0,0,0,0,"NotAge"
"TRIM9",0,0,0,1,1,0,0,0,"NotAge"
"UGT8",2,0,0,2,2,0,0,0,"NotAge"
"ETV1",1,0,0,2,2,0,0,0,"NotAge"
"SGIP1",0,0,0,3,3,0,0,0,"NotAge"
"PART1",1,0,0,2,2,0,0,0,"NotAge"
"YBX1P1",1,0,0,3,2,0,0,0,"NotAge"
"ENPP6",1,0,0,1,1,0,0,0,"NotAge"
"TMEM229A",0,0,0,1,1,0,0,0,"NotAge"
"WIPF2",0,0,0,0,0,0,0,0,"NotAge"
"FAM168B",0,0,0,1,0,0,0,0,"NotAge"
"KCNIP3",0,0,0,1,0,0,0,0,"NotAge"
"ANGPTL2",0,0,0,1,0,0,0,0,"NotAge"
"COL26A1",0,0,0,1,0,0,0,0,"NotAge"
"ENTPD3-AS1",0,0,0,1,0,0,0,0,"NotAge"
"E2F6P3",0,0,0,2,0,0,0,0,"NotAge"
"KCNK15",0,0,0,2,0,0,0,0,"NotAge"
"SHROOM1",0,0,0,1,0,0,0,0,"NotAge"
"CAVIN2-AS1",0,0,0,1,0,0,0,0,"NotAge"
"CAVIN2",0,0,0,1,0,0,0,0,"NotAge"
"CDC37",1,0,0,0,0,1,0,0,"NotAge"
"STARD3",1,0,0,1,0,0,0,0,"NotAge"
"DNM2",0,0,0,1,0,0,0,0,"NotAge"
"RPL21P37",0,0,0,0,0,0,0,0,"NotAge"
"KRTAP3-4P",0,0,0,1,0,0,0,0,"NotAge"
"RPS27AP5",1,0,0,1,0,0,0,0,"NotAge"
"OSER1-DT",0,0,0,1,0,0,0,0,"NotAge"
"ACADVL",0,0,0,1,0,0,0,0,"NotAge"
"ACTG1P19",0,0,0,0,0,0,0,0,"NotAge"
"GAPDHP64",0,1,0,1,0,0,0,0,"NotAge"
"LINC00269",0,0,0,1,0,0,0,0,"NotAge"
"LINC01020",0,0,0,1,0,0,0,0,"NotAge"
"MIR1251",0,0,0,1,0,0,0,0,"NotAge"
"MAGEA3",0,0,0,1,0,0,0,0,"NotAge"
"RNA5SP113",0,0,0,1,0,0,0,0,"NotAge"
"OSTM1-AS1",0,0,0,2,0,0,0,0,"NotAge"
"ACTBP1",0,0,0,1,0,0,0,0,"NotAge"
"ACTG1P23",0,0,0,1,0,0,0,0,"NotAge"
"ACTG1P14",0,0,0,1,0,0,0,0,"NotAge"
"ACTG1P21",0,0,0,1,0,0,0,0,"NotAge"
"ACTBP14",0,0,0,1,0,0,0,0,"NotAge"
"ZNG1F",0,0,0,1,0,0,0,0,"NotAge"
"AP4B1-AS1",0,0,0,0,0,0,0,0,"NotAge"
"ZSCAN18",0,0,0,1,0,0,0,0,"NotAge"
"MIR6760",0,0,0,0,0,0,0,0,"NotAge"
"RNU7-195P",0,0,0,1,0,0,0,0,"NotAge"
"RNU6-946P",0,0,0,1,0,0,0,0,"NotAge"
"MIR603",0,0,0,1,0,0,0,0,"NotAge"
"MIR3155B",0,0,0,1,0,0,0,0,"NotAge"
"MIR3155A",0,0,0,1,0,0,0,0,"NotAge"
"LINC02612",0,1,0,1,1,0,0,1,"NotAge"
"SH3BP1",0,0,0,1,0,0,0,0,"NotAge"
"PDXP-DT",0,0,0,1,0,0,0,0,"NotAge"
"H2BC17",0,2,0,2,2,1,0,2,"NotAge"
"SSR1",0,0,0,0,0,0,0,0,"NotAge"
"TMED2",0,0,0,1,0,0,0,0,"NotAge"
"TM9SF3",0,0,0,1,0,0,0,0,"NotAge"
"SNW1",0,0,0,1,0,0,0,0,"NotAge"
"PSMC1",0,0,0,1,0,0,0,0,"NotAge"
"VAMP7",0,0,0,1,0,1,0,0,"NotAge"
"YME1L1",0,0,0,1,0,0,0,0,"NotAge"
"WDR82",0,0,0,2,0,0,0,0,"NotAge"
"WAPL",0,0,0,2,0,0,0,0,"NotAge"
"PPP6C",0,0,0,1,0,0,0,0,"NotAge"
"TNKS2",0,0,0,1,0,0,0,0,"NotAge"
"XPO4",0,0,0,1,0,0,0,0,"NotAge"
"GABPA",0,0,0,1,0,0,0,0,"NotAge"
"U2SURP",0,0,0,1,0,0,0,0,"NotAge"
"THAP12",0,0,0,1,0,0,0,0,"NotAge"
"MTND6P5",0,0,0,1,0,0,0,0,"NotAge"
"MED4",0,0,0,1,0,0,0,0,"NotAge"
"RPL23AP30",0,0,0,1,0,0,0,0,"NotAge"
"PPP4R1",0,0,0,1,0,0,0,0,"NotAge"
"EIF3JP1",0,0,0,2,0,0,0,0,"NotAge"
"POLR2B",0,0,0,1,0,0,0,0,"NotAge"
"VHL",0,0,0,1,0,0,0,0,"NotAge"
"BTN3A1",0,1,0,1,1,0,0,1,"NotAge"
"BTN3A3",0,1,0,1,1,1,0,1,"NotAge"
"GAL3ST1",1,0,0,3,0,0,0,0,"NotAge"
"ISLR2",1,0,0,1,1,0,0,0,"NotAge"
"RPS3AP38",1,0,0,1,0,0,0,0,"NotAge"
"MSANTD3-TMEFF1",0,0,0,1,0,0,0,0,"NotAge"
"TMEFF1",0,0,0,1,0,0,0,0,"NotAge"
"H4C11",0,0,0,0,0,0,0,0,"NotAge"
"TEX43",0,1,0,1,1,0,0,1,"NotAge"
"LINC02308",0,0,0,0,0,0,0,0,"NotAge"
"IFITM5",1,0,0,0,0,0,0,0,"NotAge"
"SERPINB4",1,0,0,1,0,0,0,0,"NotAge"
"KRTAP20-3",1,0,0,1,0,0,0,0,"NotAge"
"KRTAP20-4",1,0,0,1,0,0,0,0,"NotAge"
"FAM230H",1,0,0,1,0,0,0,0,"NotAge"
"HCP5",1,0,0,1,0,0,0,0,"NotAge"
"COL6A6",1,0,0,1,0,0,0,0,"NotAge"
"HACD2",1,0,0,1,0,0,0,0,"NotAge"
"VGLL3",1,0,0,1,0,0,0,0,"NotAge"
"XKR4",0,0,0,1,0,0,0,0,"NotAge"
"RNU1-27P",1,0,0,1,0,0,0,0,"NotAge"
"SENP3",0,0,0,2,0,0,0,0,"NotAge"
"TKFC",0,0,0,1,0,1,0,0,"NotAge"
"NCSTN",0,1,0,2,0,2,0,0,"NotAge"
"ARPC4-TTLL3",0,0,0,2,0,2,0,0,"NotAge"
"OS9",0,0,0,3,0,0,0,0,"NotAge"
"TBC1D22A",2,0,0,2,0,1,0,0,"NotAge"
"CTDSP1",0,0,0,2,0,1,0,0,"NotAge"
"PPP1CA",1,0,0,1,0,1,0,0,"Age"
"RNF167",0,0,0,1,0,0,0,0,"NotAge"
"PKN1",0,0,0,1,0,1,0,0,"NotAge"
"TMUB2",3,0,0,2,0,1,0,0,"NotAge"
"CFL1",0,0,0,1,0,2,0,0,"NotAge"
"NUDT22",1,0,0,2,0,0,0,0,"NotAge"
"PFN1",0,0,0,1,0,0,0,0,"NotAge"
"TRAPPC1",1,0,0,1,0,0,0,0,"NotAge"
"RNASEK-C17orf49",0,0,0,1,0,0,0,0,"NotAge"
"SURF1",0,0,0,1,0,1,0,0,"NotAge"
"DNAJC4",0,0,0,1,0,0,0,0,"NotAge"
"ENO3",0,0,0,1,0,0,0,0,"NotAge"
"MPDU1",0,0,0,1,0,0,0,0,"NotAge"
"RNU6-938P",0,1,0,2,1,1,0,1,"NotAge"
"FHIP2A",0,0,0,0,0,0,0,0,"NotAge"
"ZNF326",1,0,0,1,0,0,0,0,"NotAge"
"HSP90B1",0,0,0,0,0,0,0,0,"NotAge"
"PDIA6",0,0,0,1,0,0,0,0,"NotAge"
"ATP6V1C2",0,0,0,1,0,0,0,0,"NotAge"
"PDIA3",0,0,0,1,0,0,0,0,"NotAge"
"KLLN",0,0,0,1,0,0,0,0,"NotAge"
"DVL2",0,0,0,0,0,0,0,0,"NotAge"
"DPH7",1,0,0,2,0,0,0,0,"NotAge"
"COQ4",0,0,0,1,0,0,0,0,"NotAge"
"DPYSL4",1,0,0,1,0,0,0,0,"NotAge"
"AP4B1",0,0,0,0,0,0,0,0,"NotAge"
"SRP14P1",0,0,0,1,0,0,0,0,"NotAge"
"SYNGAP1-AS1",0,0,0,0,0,0,0,0,"NotAge"
"ARHGEF7-AS1",0,1,0,1,0,1,0,0,"NotAge"
"EEF1A1P19",1,0,0,1,0,0,0,0,"NotAge"
"BICD1P1",0,0,0,1,0,0,0,0,"NotAge"
"RPSAP14",0,0,0,1,0,0,0,0,"NotAge"
"GABARAP",0,0,0,0,0,0,0,0,"NotAge"
"USP9YP14",0,0,0,1,0,0,0,0,"NotAge"
"TCP10L3",0,0,0,0,0,0,0,0,"NotAge"
"FOXO6",0,0,0,1,0,0,0,0,"NotAge"
"IGBP1-AS1",0,0,0,1,0,0,0,0,"NotAge"
"DGKB",0,0,0,1,0,0,0,0,"NotAge"
"CADPS2",0,0,0,4,2,1,0,0,"NotAge"
"NALCN",0,0,0,3,1,0,0,0,"NotAge"
"SLC1A2",0,0,0,2,1,0,0,0,"NotAge"
"SCN1A",0,0,0,3,1,0,0,0,"NotAge"
"STXBP5L",0,0,0,3,1,0,0,0,"NotAge"
"KCNS2",0,0,0,2,0,0,0,0,"NotAge"
"UNC13C",0,0,0,2,0,0,0,0,"NotAge"
"CDH18",0,0,0,2,0,0,0,0,"NotAge"
"DLG4",0,0,0,0,0,0,0,0,"NotAge"
"RBPJP6",0,0,0,1,0,0,0,0,"NotAge"
"TOM1L2",0,1,0,1,0,0,0,0,"NotAge"
"CD44",0,0,0,0,0,0,0,0,"NotAge"
"CD44-AS1",0,0,0,1,0,0,0,0,"NotAge"
"RASGRF2",0,0,0,2,0,0,0,0,"NotAge"
"SLC4A4",0,0,0,3,2,0,0,0,"NotAge"
"ATP8A2",0,0,0,3,2,0,0,0,"NotAge"
"ANK3",0,1,0,3,2,0,0,0,"NotAge"
"PSD3",0,0,0,2,2,0,0,0,"NotAge"
"FRMPD4",0,0,0,3,2,0,0,0,"NotAge"
"USP9YP28",0,0,0,2,2,0,0,0,"NotAge"
"CNTN1",0,0,0,3,2,0,0,0,"NotAge"
"TRHDE",0,0,0,2,2,0,0,0,"NotAge"
"CHL1",0,0,0,3,1,0,0,0,"NotAge"
"SCN2A",0,0,0,2,0,0,0,0,"NotAge"
"ANK2",0,0,0,2,1,0,0,0,"NotAge"
"GRID2",0,0,0,1,0,0,0,0,"NotAge"
"FAM135B",0,0,0,2,0,0,0,0,"NotAge"
"SLC24A2",0,0,0,2,2,0,0,0,"NotAge"
"ADAM22",0,2,0,3,2,0,0,0,"NotAge"
"RNU6-705P",0,0,0,1,0,0,0,0,"NotAge"
"AKAP6",0,0,0,2,1,0,0,0,"NotAge"
"GUCY1A2",0,0,0,1,0,0,0,0,"NotAge"
"TLL1",0,0,0,1,0,0,0,0,"NotAge"
"FGF14",0,0,0,1,0,0,0,0,"NotAge"
"RNU6-121P",0,0,0,0,0,0,0,0,"NotAge"
"IGHJ5",0,0,0,1,0,0,0,0,"NotAge"
"WARS2P1",0,0,0,0,0,0,0,0,"NotAge"
"INE1",0,0,0,1,0,0,0,0,"NotAge"
"MIR548K",0,0,0,0,1,0,1,0,"NotAge"
"DCT",0,0,0,0,1,0,1,0,"NotAge"
"G6PC1",1,0,0,0,1,0,1,0,"NotAge"
"SLC35C2P1",1,0,0,0,1,0,1,0,"NotAge"
"CPB2",0,0,0,0,1,0,0,0,"NotAge"
"MYOM3",0,0,0,0,1,0,1,0,"NotAge"
"FGF4",0,0,0,0,1,0,1,0,"NotAge"
"GPNMB",0,0,0,0,1,0,0,0,"NotAge"
"MOGAT2",0,0,0,0,1,0,0,0,"NotAge"
"TMPRSS3",0,0,0,0,1,0,0,0,"NotAge"
"SLC12A3",0,0,0,0,1,0,0,0,"NotAge"
"MARS1",0,0,0,0,0,0,0,0,"NotAge"
"ITIH4-AS1",0,0,0,0,1,0,0,0,"NotAge"
"ITIH4",0,0,0,0,1,0,0,0,"NotAge"
"PBRM1",0,0,0,0,0,0,0,0,"NotAge"
"PTPRR",0,0,0,2,1,1,0,0,"NotAge"
"GRIA4",0,0,0,2,2,0,0,0,"NotAge"
"SLITRK3",0,0,0,0,1,0,0,0,"NotAge"
"GABRA2",0,0,0,0,2,0,0,0,"NotAge"
"TMEM144",0,2,0,0,1,0,0,0,"NotAge"
"CDKN2A-DT",0,0,0,0,0,0,0,0,"NotAge"
"ZNF709",1,0,0,0,1,0,0,0,"NotAge"
"DGCR8",2,0,0,2,0,0,0,0,"NotAge"
"ATP13A1",1,0,0,1,0,1,0,0,"NotAge"
"SIRPAP1",3,0,0,0,0,1,0,0,"NotAge"
"INTS1",1,0,0,0,0,0,0,0,"NotAge"
"RBM14",1,0,0,0,0,0,0,0,"NotAge"
"INPP5E",1,0,0,0,0,0,0,0,"NotAge"
"GAPDHP73",1,0,0,0,0,0,0,0,"NotAge"
"TMEM250",0,0,0,0,0,0,0,0,"NotAge"
"TDRD7",1,0,0,0,0,0,0,0,"NotAge"
"PFN3",2,0,0,0,0,0,0,0,"NotAge"
"ITGBL1",2,0,0,0,0,0,0,0,"NotAge"
"LINC00160",2,0,0,0,0,0,0,0,"NotAge"
"GORAB-AS1",1,0,0,0,0,0,0,0,"NotAge"
"RN7SL636P",2,0,0,0,0,0,0,0,"NotAge"
"LINC01596",2,0,0,0,0,0,0,0,"NotAge"
"RNU4ATAC15P",2,0,0,0,0,0,0,0,"NotAge"
"LINC01912",2,0,0,0,0,0,0,0,"NotAge"
"TSR3",1,0,0,0,0,0,0,0,"NotAge"
"UBE2M",2,0,0,0,0,0,0,0,"NotAge"
"BABAM1",1,0,0,0,0,0,0,0,"NotAge"
"NCBP1",0,0,0,0,0,0,0,0,"NotAge"
"HEATR1",1,0,0,0,0,0,0,0,"NotAge"
"TREH",1,0,0,0,0,0,0,0,"NotAge"
"PYGO2",0,0,0,0,0,0,0,0,"NotAge"
"GTF3C1",1,0,0,0,0,0,0,0,"NotAge"
"ILKAP",1,0,0,0,0,0,0,0,"NotAge"
"FSD1",1,0,0,0,0,0,0,0,"NotAge"
"CHMP4B",0,0,0,0,0,0,0,0,"NotAge"
"TMEM127",1,0,0,0,0,0,0,0,"NotAge"
"UPF1",0,0,0,0,0,0,0,0,"NotAge"
"MAP2K7",1,1,0,2,0,0,0,0,"NotAge"
"GBF1",1,1,0,0,0,0,0,0,"NotAge"
"DDA1",1,1,0,1,0,0,0,0,"NotAge"
"CC2D1B",1,1,0,1,0,1,0,0,"NotAge"
"GPR107",0,1,0,1,0,1,0,0,"NotAge"
"SYT11",0,2,0,0,0,0,0,0,"NotAge"
"C1QL3",0,1,0,0,0,0,0,0,"NotAge"
"PPM1B",0,0,0,0,0,0,0,0,"NotAge"
"LINC02671",0,0,0,0,0,0,0,0,"NotAge"
"TEX26-AS1",0,1,0,0,0,0,0,0,"NotAge"
"RPS27AP6",0,1,0,0,0,0,0,0,"NotAge"
"LINC01691",0,1,0,0,0,0,0,0,"NotAge"
"RNVU1-29",0,1,0,0,0,0,0,0,"NotAge"
"RNVU1-2A",0,1,0,0,0,0,0,0,"NotAge"
"ZNF812P",0,1,0,0,0,0,0,0,"NotAge"
"GAPDHP37",0,0,0,0,0,0,0,0,"NotAge"
"SNRNP70",0,0,0,0,0,0,0,0,"NotAge"
"DMTF1",0,0,0,0,0,0,0,0,"NotAge"
"PNISR",0,1,0,0,0,0,0,0,"NotAge"
"ALKBH6",0,0,0,0,0,0,0,0,"NotAge"
"TJAP1",2,1,0,1,0,0,0,0,"NotAge"
"GRWD1",0,0,0,0,0,0,0,0,"NotAge"
"PPP5C",0,0,0,0,0,0,0,0,"NotAge"
"LINC01811",1,1,0,0,0,0,0,0,"NotAge"
"RPL12P19",0,0,0,0,0,0,0,0,"NotAge"
"SIAH2-AS1",0,1,0,0,0,0,0,0,"NotAge"
"LRTM2",0,0,1,2,0,0,0,0,"NotAge"
"IRF3",0,0,0,1,0,0,0,0,"NotAge"
"TTC31",0,0,0,1,0,0,0,0,"NotAge"
"TBC1D5",0,0,0,1,0,0,0,0,"NotAge"
"ANP32A",0,1,0,1,0,1,0,0,"NotAge"
"STK11IP",0,0,0,1,0,0,0,0,"NotAge"
"RPS24P7",0,0,0,1,0,1,0,0,"NotAge"
"TAF15",0,0,0,1,0,0,0,0,"NotAge"
"ACAA1",0,0,0,1,0,0,0,0,"NotAge"
"SERBP1P2",0,0,0,1,0,0,0,0,"NotAge"
"TINF2",1,0,0,1,0,2,0,0,"NotAge"
"TCHP",1,0,0,3,0,0,0,0,"NotAge"
"GLYR1",2,0,0,3,0,0,0,0,"NotAge"
"PDCD6IP",0,0,0,3,0,0,0,0,"NotAge"
"MTND2P30",0,0,0,2,0,1,0,0,"NotAge"
"BORCS8-MEF2B",1,0,0,2,0,0,0,0,"NotAge"
"ZNF877P",0,0,0,1,0,0,0,0,"NotAge"
"TMEM131",0,0,0,2,0,0,0,0,"NotAge"
"CHMP4A",0,0,0,1,0,0,0,0,"NotAge"
"SPG11",0,0,0,3,0,0,0,0,"NotAge"
"EML3",0,0,0,1,0,1,0,0,"NotAge"
"LINC00310",0,0,0,2,0,0,0,0,"NotAge"
"CHFR",0,0,0,1,0,0,0,0,"NotAge"
"NCOR1",0,0,0,2,0,0,0,0,"Age"
"CHKB",0,0,0,1,0,0,0,0,"NotAge"
"MCM3AP",0,0,0,1,0,0,0,0,"NotAge"
"STX16-NPEPL1",1,0,0,1,0,0,0,0,"NotAge"
"CCZ1",0,0,0,1,0,0,0,0,"NotAge"
"MEMO1",0,0,0,1,0,1,0,0,"NotAge"
"STX4",0,0,0,1,0,0,0,0,"NotAge"
"NCKAP1L",0,0,0,1,0,0,0,0,"NotAge"
"SNX14",0,0,0,1,0,0,0,0,"NotAge"
"ATF7",0,0,0,1,0,0,0,0,"NotAge"
"REREP1Y",0,0,0,1,0,0,0,0,"NotAge"
"CDK13",1,0,0,1,0,0,0,0,"NotAge"
"INPPL1",0,0,0,2,0,1,0,0,"NotAge"
"ARNT",0,0,0,2,0,0,0,0,"NotAge"
"PANK2",0,0,0,1,0,1,0,0,"NotAge"
"ATXN7L3-AS1",0,0,0,1,0,0,0,0,"NotAge"
"ATP9B",0,0,0,1,0,0,0,0,"NotAge"
"WASHC2A",0,0,0,1,0,0,0,0,"NotAge"
"KDM4C",0,0,0,1,0,0,0,0,"NotAge"
"SMARCD1",0,0,0,1,0,0,0,0,"NotAge"
"PUM1",0,0,0,1,0,0,0,0,"NotAge"
"ARID1A",1,0,0,1,0,0,0,0,"NotAge"
"DCAF1",0,0,0,1,0,0,0,0,"NotAge"
"KDM1A",0,0,0,1,0,0,0,0,"NotAge"
"RN7SL786P",0,0,0,1,0,0,0,0,"NotAge"
"RN7SL105P",0,0,0,1,0,0,0,0,"NotAge"
"RN7SL451P",0,0,0,1,0,0,0,0,"NotAge"
"RN7SL1",0,0,0,1,0,0,0,0,"NotAge"
"RN7SL420P",0,0,0,1,0,0,0,0,"NotAge"
"RN7SL791P",0,0,0,1,0,0,0,0,"NotAge"
"RN7SL5P",0,0,0,1,0,0,0,0,"NotAge"
"RN7SL191P",0,0,0,1,0,0,0,0,"NotAge"
"RN7SL555P",0,0,0,1,0,0,0,0,"NotAge"
"RBL2",0,0,0,0,0,0,0,0,"NotAge"
"SNX1",0,0,0,1,0,0,0,0,"NotAge"
"PARP4",0,0,0,1,0,0,0,0,"NotAge"
"BICRAL",0,0,0,1,0,0,0,0,"NotAge"
"FHIP2B",0,0,0,1,0,0,0,0,"NotAge"
"INO80E",0,0,0,1,0,0,0,0,"NotAge"
"PPIL2",0,0,0,1,0,0,0,0,"NotAge"
"SUGP1",1,0,0,1,0,0,0,0,"NotAge"
"UBE3B",0,0,0,1,0,0,0,0,"NotAge"
"LZTR1",0,0,0,1,0,0,0,0,"NotAge"
"HNRNPUL2-BSCL2",0,0,0,1,0,0,0,0,"NotAge"
"NUMA1",1,0,0,1,0,0,0,0,"NotAge"
"LINC01247",1,0,0,1,0,0,0,0,"NotAge"
"CT47A12",0,0,0,1,0,0,0,0,"NotAge"
"PEX10",0,0,0,1,0,0,0,0,"NotAge"
"TAB1",0,0,0,1,0,0,0,0,"NotAge"
"FCSK",0,0,0,1,0,0,0,0,"NotAge"
"TSNAXIP1",0,0,0,1,0,0,0,0,"NotAge"
"PAN2",0,0,0,1,0,0,0,0,"NotAge"
"ZNF76",0,0,0,1,0,0,0,0,"NotAge"
"TRAPPC12",1,0,0,1,0,0,0,0,"NotAge"
"PI4KA",0,0,0,1,0,0,0,0,"NotAge"
"ARAP1-AS2",0,0,0,1,0,0,0,0,"NotAge"
"ARAP1-AS1",0,0,0,1,0,0,0,0,"NotAge"
"E2F3-IT1",0,0,0,0,0,0,0,0,"NotAge"
"GAL3ST3",0,0,0,1,0,0,0,0,"NotAge"
"CHST8",0,0,0,1,0,0,0,0,"NotAge"
"ACTG1P12",0,0,0,0,0,0,0,0,"NotAge"
"ARPC3",1,0,0,1,0,1,0,0,"NotAge"
"GNAI2",1,0,0,1,0,1,0,0,"NotAge"
"CAPZB",0,0,0,1,0,0,0,0,"NotAge"
"CCL3",0,0,0,1,0,0,0,0,"NotAge"
"CCL3-AS1",0,0,0,1,0,0,0,0,"NotAge"
"PRKRIP1",0,0,0,0,0,0,0,0,"NotAge"
"MNX1",0,0,0,1,0,0,0,0,"NotAge"
"MNX1-AS2",0,0,0,1,0,0,0,0,"NotAge"
"REXO1",1,0,0,1,0,0,0,0,"NotAge"
"PES1",0,0,0,0,0,0,0,0,"NotAge"
"TRMT2A",1,0,0,1,0,0,0,0,"NotAge"
"HDGF",0,0,0,0,0,0,0,0,"NotAge"
"PGAM4",0,0,0,1,0,0,0,0,"NotAge"
"NPAS2",0,0,0,1,0,0,0,0,"NotAge"
"TF",0,0,0,1,0,0,0,0,"NotAge"
"SEC14L6",0,0,0,0,0,0,0,0,"NotAge"
"LINC03010",0,0,0,1,0,0,0,0,"NotAge"
"CCNG1P1",0,0,0,1,0,0,0,0,"NotAge"
"GPM6B",0,0,0,1,0,0,0,0,"NotAge"
"LINC01616",0,0,0,2,0,0,0,0,"NotAge"
"LINC02552",0,0,0,1,0,0,0,0,"NotAge"
"AQP4",0,0,0,1,0,0,0,0,"NotAge"
"LIF-AS2",0,0,0,1,0,0,0,0,"NotAge"
"LIF",0,0,0,1,0,0,0,0,"NotAge"
"TRIP12",0,0,0,1,0,0,0,0,"NotAge"
"NRDC",0,0,0,1,0,0,0,0,"NotAge"
"HP1BP3",0,0,0,1,0,0,0,0,"NotAge"
"BRD7",0,0,0,1,0,0,0,0,"NotAge"
"H3P6",0,0,0,0,0,0,0,0,"NotAge"
"H3-3A",0,0,0,1,0,0,0,0,"NotAge"
"RBX1P1",0,0,0,1,0,0,0,0,"NotAge"
"H3P36",0,0,0,1,0,0,0,0,"NotAge"
"HRGP1",0,0,0,1,0,0,0,0,"NotAge"
"ADCY7",0,0,0,1,0,0,0,0,"NotAge"
"LMF2",0,1,0,1,0,0,0,0,"NotAge"
"CXXC1",0,0,0,1,0,0,0,0,"NotAge"
"LINC01345",0,0,0,1,0,0,0,0,"NotAge"
"TRMT9B",0,0,0,1,1,0,0,0,"NotAge"
"ACTN4",0,0,0,1,0,0,0,0,"NotAge"
"INO80D-AS1",0,0,0,1,0,2,0,0,"NotAge"
"PRCC",0,0,0,2,0,0,0,0,"NotAge"
"SRP68",0,0,0,1,0,0,0,0,"NotAge"
"SGTA",0,0,0,1,0,0,0,0,"NotAge"
"ELMO1",0,0,0,0,0,0,0,0,"NotAge"
"MIR1912",0,0,0,1,0,0,0,0,"NotAge"
"TARID",0,0,0,1,0,0,0,0,"NotAge"
"IGHV3-19",0,0,0,0,0,0,0,0,"NotAge"
"IGKV2-24",0,0,0,1,0,0,0,0,"NotAge"
"IGKV2D-24",0,0,0,1,0,0,0,0,"NotAge"
"IGHV3-41",0,0,0,1,0,0,0,0,"NotAge"
"RPS26P15",0,0,0,1,0,0,0,0,"NotAge"
"KCNH3",0,0,0,1,0,0,0,0,"NotAge"
"NFATC3",0,0,0,0,0,0,0,0,"NotAge"
"TRPM7",0,0,0,1,0,0,0,0,"NotAge"
"NBPF11",0,0,0,1,0,0,0,0,"NotAge"
"SMG1",0,0,0,1,0,0,0,0,"NotAge"
"ATF6-DT",0,0,0,1,0,0,0,0,"NotAge"
"FRYL",0,0,0,1,0,0,0,0,"NotAge"
"MEPE",0,0,0,0,0,0,0,0,"NotAge"
"AP5Z1",1,0,0,0,0,0,0,0,"NotAge"
"RNU2-15P",0,0,0,0,0,0,0,0,"NotAge"
"RNA5SP229",0,0,0,1,0,0,0,0,"NotAge"
"HDAC1",0,0,0,1,0,0,0,0,"Age"
"PI4KB",1,0,0,1,0,0,0,0,"NotAge"
"ZNF384",0,0,0,1,0,0,0,0,"NotAge"
"NSFL1C",0,0,0,1,0,0,0,0,"NotAge"
"SIGLEC11",0,0,0,0,0,0,0,0,"NotAge"
"RNU6-73P",0,0,0,1,0,0,0,0,"NotAge"
"YLPM1",0,0,0,1,0,0,0,0,"NotAge"
"RPRD2",1,0,0,1,0,0,0,0,"NotAge"
"MED1",0,0,0,1,0,0,0,0,"Age"
"RN7SL178P",0,0,0,0,0,0,0,0,"NotAge"
"CLEC2D",0,0,0,0,0,0,0,0,"NotAge"
"HRGP2",0,0,0,1,0,0,0,0,"NotAge"
"PHRF1",0,0,0,0,0,0,0,0,"NotAge"
"EIF3EP2",0,0,0,0,0,0,0,0,"NotAge"
"SUCLG2P2",0,0,0,0,0,0,0,0,"NotAge"
"SUCLG2",0,0,0,1,0,0,0,0,"NotAge"
"SLC7A6",0,0,0,1,0,0,0,0,"NotAge"
"SLC7A6OS",0,0,0,1,0,0,0,0,"NotAge"
"KMT2D",1,0,0,1,0,0,0,0,"NotAge"
"LINC02785",0,0,0,0,0,0,0,0,"NotAge"
"RFNG",0,0,0,1,0,0,0,0,"NotAge"
"RBMX2P5",0,0,0,1,0,0,0,0,"NotAge"
"CMTR1",0,0,0,1,0,0,0,0,"NotAge"
"PLPPR4",0,0,0,0,1,0,0,0,"NotAge"
"TRIM2",0,0,0,0,1,0,0,0,"NotAge"
"MAPK10",0,0,0,0,1,0,0,0,"NotAge"
"RBBP4P1",0,0,0,0,0,0,0,0,"NotAge"
"RBBP4P2",0,0,0,0,1,0,0,0,"NotAge"
"MIR4684",0,0,0,0,0,0,0,0,"NotAge"
"LINC02572",0,0,0,0,0,1,0,0,"NotAge"
"CDPF1",0,0,0,0,0,1,0,0,"NotAge"
"GLUD1P3",0,0,0,0,0,1,0,0,"NotAge"
"DUSP8P5",0,0,0,0,0,1,0,0,"NotAge"
"BMS1P4",0,0,0,0,0,0,0,0,"NotAge"
"BMS1P4-AGAP5",0,0,0,0,0,1,0,0,"NotAge"
"ZSWIM8-AS1",1,0,0,0,0,0,0,0,"NotAge"
"PPP1R12C",1,0,0,0,0,1,0,0,"NotAge"
"WDR46",1,0,0,0,0,1,0,0,"NotAge"
"HNRNPA1P14",0,0,0,0,0,1,0,0,"NotAge"
"CAMK2G",0,0,0,0,0,0,0,0,"NotAge"
"PYDC2-AS1",0,0,0,0,0,1,0,0,"NotAge"
"RPL36AP55",0,0,0,0,0,0,0,0,"NotAge"
"PARP4P2",0,0,0,0,0,1,0,0,"NotAge"
"WDR1",0,0,0,0,0,1,0,0,"NotAge"
"TPM3",0,0,0,0,0,2,0,0,"NotAge"
"MSN",0,0,0,0,0,1,0,0,"NotAge"
"MTCO3P40",0,0,0,0,0,2,0,0,"NotAge"
"ACLY",0,0,0,0,0,0,0,0,"NotAge"
"ELAC2",1,0,0,0,0,1,0,0,"NotAge"
"FOXA3",0,0,0,0,0,1,0,0,"NotAge"
"HMGN2P3",0,0,0,0,0,0,0,0,"NotAge"
"HMGN2P5",0,0,0,0,0,0,1,0,"NotAge"
"RPL21P76",0,0,0,0,0,0,1,0,"NotAge"
"CPS1",1,0,0,0,0,0,1,0,"NotAge"
"APOB",0,0,0,0,0,0,1,0,"NotAge"
"PCSK9",0,0,0,0,0,0,1,0,"NotAge"
"A1CF",1,0,0,0,0,0,1,0,"NotAge"
"SLC2A2",1,0,0,0,0,0,1,0,"NotAge"
"IGF2",0,0,0,0,0,0,1,0,"Age"
"PODXL",0,0,0,0,0,0,1,0,"NotAge"
"YAP1",0,0,0,0,0,0,1,0,"NotAge"
"GFRA1",0,0,0,0,0,0,1,0,"NotAge"
"FENDRR",0,0,0,0,0,0,1,0,"NotAge"
"SLC5A4",0,0,0,0,0,0,1,0,"NotAge"
"NES",0,0,0,0,0,0,1,0,"NotAge"
"UBA1",1,1,0,0,0,0,0,0,"NotAge"
"CERS2",0,1,0,0,0,0,0,0,"NotAge"
"SMARCD2",0,1,0,0,0,1,0,0,"NotAge"
"HM13",0,1,0,0,0,0,0,0,"NotAge"
"AP1M1",0,1,0,0,0,0,0,0,"NotAge"
"FAM218BP",0,1,0,0,0,0,0,0,"NotAge"
"RPL23AP27",0,1,0,0,0,0,0,0,"NotAge"
"CAPN12",0,0,0,0,0,0,0,0,"NotAge"
"SNORA50D",0,1,0,0,0,0,0,0,"NotAge"
"FAUP1",0,1,0,0,0,0,0,0,"NotAge"
"RPS11P5",0,1,0,0,0,0,0,0,"NotAge"
"AKT1",0,0,0,0,0,1,0,0,"Age"
"CAPNS1",1,0,0,0,0,1,0,0,"NotAge"
"PFKL",0,0,0,0,0,1,0,0,"NotAge"
"BRK1",0,0,0,0,0,1,0,0,"NotAge"
"ANXA11",0,0,0,0,0,2,0,0,"NotAge"
"ARPC2",0,0,0,0,0,1,0,0,"NotAge"
"SERP1",0,0,0,0,0,2,0,0,"NotAge"
"PFDN5",0,0,0,0,0,1,0,0,"NotAge"
"OXA1L",0,0,0,0,0,1,0,0,"NotAge"
"PGLS",0,0,0,0,0,1,0,0,"NotAge"
"PPP4C",0,0,0,0,0,1,0,0,"NotAge"
"SCAMP2",0,0,0,0,0,1,0,0,"NotAge"
"RHOA",0,0,0,0,0,1,0,0,"NotAge"
"PEX16",0,0,0,0,0,1,0,0,"NotAge"
"RN7SL625P",0,0,0,0,0,0,0,0,"NotAge"
"RN7SL454P",1,0,0,0,0,1,0,0,"NotAge"
"RN7SL237P",1,0,0,0,0,1,0,0,"NotAge"
"HMGN2P18",0,0,0,0,0,0,0,0,"NotAge"
"PKP4",0,0,0,0,0,1,0,0,"NotAge"
"BAD",0,0,0,0,0,1,0,0,"NotAge"
"GPR137",0,0,0,0,0,1,0,0,"NotAge"
"H2AZ1-DT",0,0,0,0,0,0,0,0,"NotAge"
"H2AZ1",0,0,0,0,0,1,0,0,"NotAge"
"AGAP2",0,0,0,0,0,1,0,0,"NotAge"
"AGAP2-AS1",0,0,0,0,0,1,0,0,"NotAge"
"DRD5",0,0,0,0,0,0,0,0,"NotAge"
"RNF115",0,0,0,0,0,0,0,0,"NotAge"
"MECP2",0,0,0,0,0,1,0,0,"NotAge"
"OCIAD1",0,0,0,0,0,1,0,0,"NotAge"
"CGGBP1",0,0,0,0,0,1,0,0,"NotAge"
"HTATSF1",0,0,0,0,0,1,0,0,"NotAge"
"MFF",0,0,0,0,0,1,0,0,"NotAge"
"GNAQ",0,0,0,0,0,1,0,0,"NotAge"
"ANXA7",0,0,0,0,0,1,0,0,"NotAge"
"NBPF25P",0,0,0,0,0,0,0,0,"NotAge"
"NBPF9",0,0,0,0,0,1,0,0,"NotAge"
"NBPF14",0,0,0,0,0,1,0,0,"NotAge"
"NBPF19",0,0,0,0,0,1,0,0,"NotAge"
"NBPF10",0,0,0,0,0,1,0,0,"NotAge"
"NBPF12",0,0,0,0,0,1,0,0,"NotAge"
"NBPF20",0,0,0,0,0,1,0,0,"NotAge"
"FERMT3",1,0,0,0,0,0,0,0,"NotAge"
"TGFB1",0,0,0,0,0,1,0,0,"Age"
"TRMT112",0,0,0,0,0,0,0,0,"NotAge"
"NDUFA11",0,0,0,0,0,1,0,0,"NotAge"
"BANF1",0,0,0,0,0,3,0,0,"NotAge"
"SBDSP1",0,0,0,0,0,0,0,0,"NotAge"
"CIDEB",0,0,0,0,0,1,0,0,"NotAge"
"CDK4",0,0,0,0,0,1,0,0,"NotAge"
"BANF1P3",0,0,0,0,0,2,0,0,"NotAge"
"TSPAN31",0,0,0,0,0,1,0,0,"NotAge"
"RSRC2",0,0,0,0,0,0,0,0,"NotAge"
"BCLAF1",0,0,0,0,0,1,0,0,"NotAge"
"ELF2",0,0,0,0,0,1,0,0,"NotAge"
"RAPGEF4-AS1",0,0,0,0,0,1,0,0,"NotAge"
"PPP4R3A",0,0,0,0,0,1,0,0,"NotAge"
"SREK1",0,0,0,0,0,1,0,0,"NotAge"
"BCLAF1P2",0,0,0,0,0,1,0,0,"NotAge"
"CLK1",0,0,0,0,0,1,0,0,"NotAge"
"RBBP6",0,0,0,0,0,1,0,0,"NotAge"
"EIF5",0,0,0,0,0,1,0,0,"NotAge"
"KRTCAP2",0,0,0,0,0,0,0,0,"NotAge"
"ATRAID",0,0,0,0,0,1,0,0,"NotAge"
"TGOLN2",0,0,0,0,0,1,0,0,"NotAge"
"DDOST",0,0,0,0,0,1,0,0,"NotAge"
"MAN2B2",0,0,0,0,0,1,0,0,"NotAge"
"ERP44",0,0,0,0,0,1,0,0,"NotAge"
"EMC10",0,0,0,0,0,1,0,0,"NotAge"
"CMTM7",0,0,0,0,0,1,0,0,"NotAge"
"SUMF1",0,0,0,0,0,1,0,0,"NotAge"
"EDEM2",0,0,0,0,0,1,0,0,"NotAge"
"CCDC22",1,0,0,0,0,1,0,0,"NotAge"
"DHRS4",0,0,0,0,0,1,0,0,"NotAge"
"GPR108",0,0,0,0,0,1,0,0,"NotAge"
"SLK",0,0,0,0,0,0,0,0,"NotAge"
"LENEP",1,0,0,0,0,0,0,0,"NotAge"
"UGT2B4",1,0,0,0,0,0,0,0,"NotAge"
"DNAH11",0,0,0,0,0,0,0,0,"NotAge"
"CDCA7L",1,0,0,0,0,0,0,0,"NotAge"
"WASF2",0,0,0,0,0,0,0,0,"NotAge"
"KRT18P27",1,0,0,0,0,0,0,0,"NotAge"
"CTDSPL2-DT",1,0,0,0,0,0,0,0,"NotAge"
"GOLM2",1,0,0,0,0,0,0,0,"NotAge"
"ZNF513",1,0,0,0,0,0,0,0,"NotAge"
"SPSB3",2,0,0,0,0,0,0,0,"NotAge"
"NRBP1",0,0,0,0,0,0,0,0,"NotAge"
"SNX17",0,0,0,0,0,0,0,0,"NotAge"
"BCKDHA",1,0,0,0,0,0,0,0,"NotAge"
"CYB561A3",1,0,0,0,0,0,0,0,"NotAge"
"GEMIN7-AS1",1,0,0,0,0,0,0,0,"NotAge"
"GEMIN7",1,0,0,0,0,0,0,0,"NotAge"
"MIR548D2",0,0,0,0,0,0,0,0,"NotAge"
"RNU6-624P",1,0,0,0,0,0,0,0,"NotAge"
"TMEM205",0,0,0,0,0,0,0,0,"NotAge"
"NUP35P2",1,0,0,0,0,0,0,0,"NotAge"
"RAF1",0,0,0,0,0,0,0,0,"NotAge"
"EPOR",0,0,0,0,0,0,0,0,"Age"
"BORCS6",1,0,0,0,0,0,0,0,"NotAge"
"MORN5",1,0,0,0,0,0,0,0,"NotAge"
"GMIP",0,0,0,0,0,0,0,0,"NotAge"
"SHKBP1",1,0,0,0,0,0,0,0,"NotAge"
"WAS",1,0,0,0,0,0,0,0,"NotAge"
"BCL2L12",2,0,0,0,0,0,0,0,"NotAge"
"SEC63P1",1,0,0,0,0,0,0,0,"NotAge"
"LINC01724",1,0,0,0,0,0,0,0,"NotAge"
"CYP1D1P",1,0,0,0,0,0,0,0,"NotAge"
"SERBP1P6",1,0,0,0,0,0,0,0,"NotAge"
"MRPS15",1,0,0,0,0,0,0,0,"NotAge"
"CLPTM1",0,0,0,0,0,0,0,0,"NotAge"
"AP2M1",1,0,0,0,0,0,0,0,"NotAge"
"NACC1",1,0,0,0,0,0,0,0,"NotAge"
"POLR3H",1,0,0,0,0,0,0,0,"NotAge"
"PTPA",1,0,0,0,0,0,0,0,"NotAge"
"PIN1",1,0,0,0,0,0,0,0,"Age"
"GSK3A",1,0,0,0,0,0,0,0,"Age"
"PPP2R1A",1,0,0,0,0,0,0,0,"NotAge"
"SCAF1",1,0,0,0,0,0,0,0,"NotAge"
"TEPSIN",1,0,0,0,0,0,0,0,"NotAge"
"PIP4P1",1,0,0,0,0,0,0,0,"NotAge"
"CTDSPL2",0,0,0,0,0,0,0,0,"NotAge"
"EIF3E",1,0,0,0,0,0,0,0,"NotAge"
"SFPQP1",1,0,0,0,0,0,0,0,"NotAge"
"COL12A1",1,0,0,0,0,0,0,0,"NotAge"
"SLC7A2",1,0,0,0,0,0,0,0,"NotAge"
"MIR642B",0,0,0,0,0,0,0,0,"NotAge"
"TAFA2",1,0,0,0,0,0,0,0,"NotAge"
"UBTF",1,0,0,0,0,0,0,0,"NotAge"
"EIF2B5",1,0,0,0,0,0,0,0,"NotAge"
"MMS19",1,0,0,0,0,0,0,0,"NotAge"
"MTRF1LP2",1,0,0,0,0,0,0,0,"NotAge"
"BORCS8",1,0,0,0,0,0,0,0,"NotAge"
"PDPK1",1,0,0,0,0,0,0,0,"Age"
"WASH9P",1,0,0,0,0,0,0,0,"NotAge"
"ZFYVE27",1,0,0,0,0,0,0,0,"NotAge"
"ZFYVE26",1,0,0,0,0,0,0,0,"NotAge"
"ARHGEF2",1,0,0,0,0,0,0,0,"NotAge"
"ZNF142",1,0,0,0,0,0,0,0,"NotAge"
"APOC2",0,0,0,0,0,0,0,0,"NotAge"
"TAF13P2",1,0,0,0,0,0,0,0,"NotAge"
"SUMO1",0,0,0,0,0,0,0,0,"Age"
"SUMO1P3",0,0,0,0,0,0,0,0,"NotAge"
"MAGEC1",0,0,0,0,0,0,0,0,"NotAge"
"INS-IGF2",0,0,0,0,0,0,0,0,"NotAge"
"STUB1",0,0,0,0,0,0,0,0,"Age"
"HIF1A",0,0,0,0,0,0,0,0,"Age"
"HIF1A-AS1",0,0,0,0,0,0,0,0,"NotAge"
"SNRNP200",0,0,0,0,0,0,0,0,"NotAge"
"RPS4XP2",0,0,0,0,0,0,0,0,"NotAge"
"C22orf39",0,0,0,0,0,0,0,0,"NotAge"
"MOGS",0,0,0,0,0,0,0,0,"NotAge"
"RAD9A",0,0,0,0,0,0,0,0,"NotAge"
"PDE4B-AS1",0,0,0,0,0,0,0,0,"NotAge"
"MUS81",0,0,0,0,0,0,0,0,"NotAge"
"DDX19A",0,0,0,0,0,0,0,0,"NotAge"
"PIGO",0,0,0,0,0,0,0,0,"NotAge"
"NIPA2",0,0,0,0,0,0,0,0,"NotAge"
"TM9SF4",0,0,0,0,0,0,0,0,"NotAge"
"UBE2E1",0,0,0,0,0,0,0,0,"NotAge"
"RNF126",0,0,0,0,0,0,0,0,"NotAge"
"RBM15B",0,0,0,0,0,0,0,0,"NotAge"
"DNAJC14",0,0,0,0,0,0,0,0,"NotAge"
"ZNF598",0,0,0,0,0,0,0,0,"NotAge"
"ARFGAP2",0,0,0,0,0,0,0,0,"NotAge"
"GSK3B",0,0,0,0,0,0,0,0,"Age"
"H3P9",0,0,0,0,0,0,0,0,"NotAge"
"CEBPB",0,0,0,0,0,0,0,0,"Age"
"CEBPB-AS1",0,0,0,0,0,0,0,0,"NotAge"
"ERCC6",0,0,0,0,0,0,0,0,"Age"
"EP300",0,0,0,0,0,0,0,0,"Age"
"UBE2K",0,0,0,0,0,0,0,0,"NotAge"
"RALGAPB",0,0,0,0,0,0,0,0,"NotAge"
"VPS51",0,0,0,0,0,0,0,0,"NotAge"
"ERCC5",0,0,0,0,0,0,0,0,"Age"
"RBM26",0,0,0,0,0,0,0,0,"NotAge"
"BIVM-ERCC5",0,0,0,0,0,0,0,0,"NotAge"
"XRCC5",0,0,0,0,0,0,0,0,"Age"
"FCF1",0,0,0,0,0,0,0,0,"NotAge"
"HNRNPR",0,0,0,0,0,0,0,0,"NotAge"
"DPY30",0,0,0,0,0,0,0,0,"NotAge"
"BAX",0,0,0,0,0,0,0,0,"Age"
"RECQL4",0,0,0,0,0,0,0,0,"Age"
"TONSL",0,0,0,0,0,0,0,0,"NotAge"
"PRDX1",0,0,0,0,0,0,0,0,"Age"
"MMACHC",0,0,0,0,0,0,0,0,"NotAge"
"FBRS",0,0,0,0,0,0,0,0,"NotAge"
"TOP3B",0,0,0,0,0,0,0,0,"Age"
"NRBF2P2",0,0,0,0,0,0,0,0,"NotAge"
"CNOT1",0,0,0,0,0,0,0,0,"NotAge"
"HSPA9",0,0,0,0,0,0,0,0,"Age"
"AFG3L2",0,0,0,0,0,0,0,0,"NotAge"
"YWHAZ",0,0,0,0,0,0,0,0,"Age"
"YWHAZP3",0,0,0,0,0,0,0,0,"NotAge"
"MAPK9",0,0,0,0,0,0,0,0,"Age"
"KLC1",0,0,0,0,0,0,0,0,"NotAge"
"TIAL1",0,0,0,0,0,0,0,0,"NotAge"
"ANKHD1",0,0,0,0,0,0,0,0,"NotAge"
"BIRC6",0,0,0,0,0,0,0,0,"NotAge"
"SDHC",0,0,0,0,0,0,0,0,"Age"
"BMI1",0,0,0,0,0,0,0,0,"Age"
"COMMD3-BMI1",0,0,0,0,0,0,0,0,"NotAge"
"EEF1A1P11",0,0,0,0,0,0,0,0,"NotAge"
"EEF1A1P20",0,0,0,0,0,0,0,0,"NotAge"
"TFAP2A",0,0,0,0,0,0,0,0,"Age"
"MTOR",0,0,0,0,0,0,0,0,"Age"
"CES1",0,0,0,0,0,0,0,0,"NotAge"
"RAB1B",0,0,0,0,0,0,0,0,"NotAge"
"ARPC4",0,0,0,0,0,0,0,0,"NotAge"
"CAPN1",0,0,0,0,0,0,0,0,"NotAge"
"GCLC",0,0,0,0,0,0,0,0,"Age"
"GCLC-AS1",0,0,0,0,0,0,0,0,"NotAge"
"LYPLA2",0,0,0,0,0,0,0,0,"NotAge"
"POLR2E",0,0,0,0,0,0,0,0,"NotAge"
"HSPBP1",0,0,0,0,0,0,0,0,"NotAge"
"GPS1",0,0,0,0,0,0,0,0,"NotAge"
"FAM3A",0,0,0,0,0,0,0,0,"NotAge"
"NUBP2",0,0,0,0,0,0,0,0,"NotAge"
"CDIPT",0,0,0,0,0,0,0,0,"NotAge"
"MICOS13",0,0,0,0,0,0,0,0,"NotAge"
"DAPK3",0,0,0,0,0,0,0,0,"NotAge"
"TFPT",0,0,0,0,0,0,0,0,"NotAge"
"CLTA",0,0,0,0,0,0,0,0,"NotAge"
"POLRMT",0,0,0,0,0,0,0,0,"NotAge"
"METTL26",0,0,0,0,0,0,0,0,"NotAge"
"PTGES2",0,0,0,0,0,0,0,0,"NotAge"
"USP5",0,0,0,0,0,0,0,0,"NotAge"
"CCDC124",0,0,0,0,0,0,0,0,"NotAge"
"NDUFB10",0,0,0,0,0,0,0,0,"NotAge"
"CIAO2B",0,0,0,0,0,0,0,0,"NotAge"
"MLST8",0,0,0,0,0,0,0,0,"NotAge"
"PPIAP28",0,0,0,0,0,0,0,0,"NotAge"
"TMEM129",0,0,0,0,0,0,0,0,"NotAge"
"VAMP3",0,0,0,0,0,0,0,0,"NotAge"
"EEF1E1",0,0,0,0,0,0,0,0,"Age"
"EEF1E1-BLOC1S5",0,0,0,0,0,0,0,0,"NotAge"
"TPP2",0,0,0,0,0,0,0,0,"Age"
"RBM25",0,0,0,0,0,0,0,0,"NotAge"
"ZMYM2",0,0,0,0,0,0,0,0,"NotAge"
"TP53BP1",0,0,0,0,0,0,0,0,"Age"
"TUBGCP4",0,0,0,0,0,0,0,0,"NotAge"
"HTRA2",0,0,0,0,0,0,0,0,"Age"
"MAP2K2",0,0,0,0,0,0,0,0,"NotAge"
"RAB4B-EGLN2",0,0,0,0,0,0,0,0,"NotAge"
"HNRNPA3P2",0,0,0,0,0,0,0,0,"NotAge"
"SQSTM1",0,0,0,0,0,0,0,0,"Age"
"MRNIP",0,0,0,0,0,0,0,0,"NotAge"
