"","Coding","Meaning","Selectable","Node","Parent","Ageing","Type","Specific_Ageing","Parent_Specific"
"1","D1398","pneumonia","Yes","D1443","D1660","4","D","D4","D1660"
"2","D1598","tonsiltis","Yes","D1665","D1468","4","D","D4","D1468"
"3","D1414","throat or larynx disorder","Yes","D1468","D1466","4","D","D4","D1466"
"4","D1244","infection of nervous system","Yes","D1270","D1265","4","D","D4","D1265"
"5","D1412","bronchitis","Yes","D1465","D1132","4","D","D4","D1132"
"6","D1594","respiratory infection","Yes","D1660","D1072","4","D","D4","D1072"
"7","-1","haematology/dermatology","No","D1078","Top","3","D","D3","dTop"
"8","-1","immunological/systemic disorders","No","D1080","Top","3","D","D3","dTop"
"9","-1","respiratory/ent","No","D1072","Top","3","D","D3","dTop"
"10","D1651","fracture lower leg / ankle","Yes","D1725","D1720","3","D","D3","D1720"
"11","D1634","fracture forearm / wrist","Yes","D1706","D1702","3","D","D3","D1702"
"12","-1","fracture pelvis & lower limb","No","D1720","D1695","3","D","D3","D1695"
"13","-1","fracture upper limb & shoulder","No","D1702","D1695","3","D","D3","D1695"
"14","D1452","eczema/dermatitis","Yes","D1511","D1510","3","D","D3","D1510"
"15","D1453","psoriasis","Yes","D1512","D1510","3","D","D3","D1510"
"16","D1436","headaches (not migraine)","Yes","D1491","D1489","3","D","D3","D1489"
"17","D1416","chronic sinusitis","Yes","D1470","D1467","3","D","D3","D1467"
"18","D1413","nasal/sinus disorder","Yes","D1467","D1466","3","D","D3","D1466"
"19","D1386","allergy or anaphylactic reaction to drug","Yes","D1429","D1417","3","D","D3","D1417"
"20","D1385","allergy or anaphylactic reaction to food","Yes","D1428","D1417","3","D","D3","D1417"
"21","D1387","hayfever/allergic rhinitis","Yes","D1430","D1417","3","D","D3","D1417"
"22","D1264","epilepsy","Yes","D1290","D1265","3","D","D3","D1265"
"23","D1265","migraine","Yes","D1291","D1265","3","D","D3","D1265"
"24","D1434","other neurological problem","Yes","D1489","D1265","3","D","D3","D1265"
"25","D1155","hepatitis","Yes","D1176","D1156","3","D","D3","D1156"
"26","D1502","appendicitis","Yes","D1565","D1155","3","D","D3","D1155"
"27","D1461","inflammatory bowel disease","Yes","D1521","D1155","3","D","D3","D1155"
"28","D1374","allergy/hypersensitivity/anaphylaxis","Yes","D1417","D1080","3","D","D3","D1080"
"29","D1482","chronic fatigue syndrome","Yes","D1545","D1080","3","D","D3","D1080"
"30","-1","dermatology","No","D1510","D1078","3","D","D3","D1078"
"31","D1240","neurological injury/trauma","Yes","D1266","D1076","3","D","D3","D1076"
"32","-1","neurology","No","D1265","D1076","3","D","D3","D1076"
"33","D1111","asthma","Yes","D1130","D1072","3","D","D3","D1072"
"34","-1","ent disorder/not cancer","No","D1466","D1072","3","D","D3","D1072"
"35","-1","gastrointestinal/abdominal","No","D1073","Top","2","D","D2","dTop"
"36","-1","musculoskeletal/trauma","No","D1077","Top","2","D","D2","dTop"
"37","-1","neurology/eye/psychiatry","No","D1076","Top","2","D","D2","dTop"
"38","D1478","cervical spondylosis","Yes","D1541","D1608","2","D","D2","D1608"
"39","D1312","prolapsed disc/slipped disc","Yes","D1351","D1595","2","D","D2","D1595"
"40","D1330","iron deficiency anaemia","Yes","D1369","D1504","2","D","D2","D1504"
"41","D1446","anaemia","Yes","D1504","D1502","2","D","D2","D1502"
"42","D1415","ear/vestibular disorder","Yes","D1469","D1466","2","D","D2","D1466"
"43","D1406","muscle or soft tissue injuries","Yes","D1457","D1323","2","D","D2","D1323"
"44","D1538","arthritis (nos)","Yes","D1601","D1321","2","D","D2","D1321"
"45","D1466","gout","Yes","D1526","D1321","2","D","D2","D1321"
"46","D1465","osteoarthritis","Yes","D1525","D1321","2","D","D2","D1321"
"47","D1467","other joint disorder","Yes","D1527","D1321","2","D","D2","D1321"
"48","D1464","rheumatoid arthritis","Yes","D1524","D1321","2","D","D2","D1321"
"49","D1534","back pain","Yes","D1597","D1320","2","D","D2","D1320"
"50","D1532","disc problem","Yes","D1595","D1320","2","D","D2","D1320"
"51","D1476","sciatica","Yes","D1539","D1320","2","D","D2","D1320"
"52","D1311","spine arthritis/spondylitis","Yes","D1350","D1320","2","D","D2","D1320"
"53","D1287","anxiety/panic attacks","Yes","D1313","D1269","2","D","D2","D1269"
"54","D1286","depression","Yes","D1312","D1269","2","D","D2","D1269"
"55","D1258","chronic/degenerative neurological problem","Yes","D1284","D1265","2","D","D2","D1265"
"56","D1225","hyperthyroidism/thyrotoxicosis","Yes","D1250","D1249","2","D","D2","D1249"
"57","D1226","hypothyroidism/myxoedema","Yes","D1251","D1249","2","D","D2","D1249"
"58","D1162","cholelithiasis/gall stones","Yes","D1183","D1182","2","D","D2","D1182"
"59","D1511","abdominal hernia","Yes","D1574","D1158","2","D","D2","D1158"
"60","D1161","gall bladder disease","Yes","D1182","D1156","2","D","D2","D1156"
"61","D1154","irritable bowel syndrome","Yes","D1175","D1155","2","D","D2","D1155"
"62","D1142","gastric/stomach ulcers","Yes","D1163","D1154","2","D","D2","D1154"
"63","D1138","gastro-oesophageal reflux (gord) / gastric reflux","Yes","D1159","D1153","2","D","D2","D1153"
"64","D1474","hiatus hernia","Yes","D1537","D1153","2","D","D2","D1153"
"65","D1472","emphysema","Yes","D1534","D1132","2","D","D2","D1132"
"66","D1094","deep venous thrombosis (dvt)","Yes","D1112","D1085","2","D","D2","D1085"
"67","D1093","pulmonary embolism +/- dvt","Yes","D1111","D1085","2","D","D2","D1085"
"68","D1078","heart valve problem/heart murmur","Yes","D1095","D1082","2","D","D2","D1082"
"69","-1","haematology","No","D1502","D1078","2","D","D2","D1078"
"70","D1294","back problem","Yes","D1320","D1077","2","D","D2","D1077"
"71","D1295","joint disorder","Yes","D1321","D1077","2","D","D2","D1077"
"72","D1297","muscle/soft tissue problem","Yes","D1323","D1077","2","D","D2","D1077"
"73","D1545","neck problem/injury","Yes","D1608","D1077","2","D","D2","D1077"
"74","D1243","psychological/psychiatric problem","Yes","D1269","D1076","2","D","D2","D1076"
"75","D1224","thyroid problem (not cancer)","Yes","D1249","D1075","2","D","D2","D1075"
"76","D1197","kidney stone/ureter stone/bladder stone","Yes","D1218","D1074","2","D","D2","D1074"
"77","D1405","other renal/kidney problem","Yes","D1454","D1074","2","D","D2","D1074"
"78","D1196","urinary tract infection/kidney infection","Yes","D1217","D1074","2","D","D2","D1074"
"79","-1","bowel problem","No","D1155","D1073","2","D","D2","D1073"
"80","D1136","liver/biliary/pancreas problem","Yes","D1156","D1073","2","D","D2","D1073"
"81","D1134","oesophageal disorder","Yes","D1153","D1073","2","D","D2","D1073"
"82","D1137","other abdominal problem","Yes","D1158","D1073","2","D","D2","D1073"
"83","D1135","stomach disorder","Yes","D1154","D1073","2","D","D2","D1073"
"84","D1117","other respiratory problems","Yes","D1136","D1072","2","D","D2","D1072"
"85","D1068","venous thromboembolic disease","Yes","D1085","D1071","2","D","D2","D1071"
"86","-1","cardiovascular","No","D1071","Top","1","D","D1","dTop"
"87","-1","endocrine/diabetes","No","D1075","Top","1","D","D1","dTop"
"88","-1","renal/urology","No","D1074","Top","1","D","D1","dTop"
"89","D1463","ulcerative colitis","Yes","D1523","D1521","1","D","D1","D1521"
"90","D1309","osteoporosis","Yes","D1348","D1319","1","D","D1","D1319"
"91","D1278","cataract","Yes","D1304","D1268","1","D","D1","D1268"
"92","D1277","glaucoma","Yes","D1303","D1268","1","D","D1","D1268"
"93","D1275","retinal problem","Yes","D1301","D1268","1","D","D1","D1268"
"94","D1254","peripheral nerve disorder","Yes","D1280","D1265","1","D","D1","D1265"
"95","D1223","type 2 diabetes","Yes","D1248","D1245","1","D","D1","D1245"
"96","D1458","diverticular disease/diverticulitis","Yes","D1518","D1155","1","D","D1","D1155"
"97","D1471","atrial fibrillation","Yes","D1532","D1094","1","D","D1","D1094"
"98","D1081","stroke","Yes","D1098","D1083","1","D","D1","D1083"
"99","D1074","angina","Yes","D1091","D1082","1","D","D1","D1082"
"100","D1077","heart arrhythmia","Yes","D1094","D1082","1","D","D1","D1082"
"101","D1075","heart attack/myocardial infarction","Yes","D1092","D1082","1","D","D1","D1082"
"102","D1072","essential hypertension","Yes","D1089","D1081","1","D","D1","D1081"
"103","D1373","connective tissue disorder","Yes","D1416","D1080","1","D","D1","D1080"
"104","D1293","bone disorder","Yes","D1319","D1077","1","D","D1","D1077"
"105","D1242","eye/eyelid problem","Yes","D1268","D1076","1","D","D1","D1076"
"106","D1220","diabetes","Yes","D1245","D1075","1","D","D1","D1075"
"107","D1201","bladder problem (not cancer)","Yes","D1222","D1074","1","D","D1","D1074"
"108","-1","cerebrovascular disease","No","D1083","D1071","1","D","D1","D1071"
"109","D1066","heart/cardiac problem","Yes","D1082","D1071","1","D","D1","D1071"
"110","D1473","high cholesterol","Yes","D1536","D1071","1","D","D1","D1071"
"111","-1","gynaecology/breast","No","D1079","Top","0","D","D0","dTop"
"112","-1","infections","No","D1495","Top","0","D","D0","dTop"
"113","D1576","dengue fever","Yes","D1765","D1762","0","D","D0","D1762"
"114","D1675","giardia / giardiasis","Yes","D1767","D1762","0","D","D0","D1762"
"115","D1441","malaria","Yes","D1763","D1762","0","D","D0","D1762"
"116","D1443","schistosomiasis/bilharzia","Yes","D1764","D1762","0","D","D0","D1762"
"117","D1577","typhoid fever","Yes","D1766","D1762","0","D","D0","D1762"
"118","D1676","yellow fever","Yes","D1770","D1762","0","D","D0","D1762"
"119","D1678","chlamydia","Yes","D1772","D1758","0","D","D0","D1758"
"120","D1574","diphtheria","Yes","D1768","D1758","0","D","D0","D1758"
"121","D1442","helicobacter pylori","Yes","D1760","D1758","0","D","D0","D1758"
"122","D1566","mrsa / methicillin resistant staphylococcus aureus","Yes","D1759","D1758","0","D","D0","D1758"
"123","D1677","scarlet fever / scarlatina","Yes","D1771","D1758","0","D","D0","D1758"
"124","D1440","tuberculosis (tb)","Yes","D1761","D1758","0","D","D0","D1758"
"125","D1572","whooping cough / pertussis","Yes","D1769","D1758","0","D","D0","D1758"
"126","D1571","chickenpox","Yes","D1753","D1752","0","D","D0","D1752"
"127","D1573","shingles","Yes","D1754","D1752","0","D","D0","D1752"
"128","D1575","herpes simplex","Yes","D1755","D1747","0","D","D0","D1747"
"129","D1439","hiv/aids","Yes","D1748","D1747","0","D","D0","D1747"
"130","D1567","infectious mononucleosis / glandular fever / epstein barr virus (ebv)","Yes","D1756","D1747","0","D","D0","D1747"
"131","D1568","measles / morbillivirus","Yes","D1750","D1747","0","D","D0","D1747"
"132","D1569","mumps / epidemic parotitis","Yes","D1757","D1747","0","D","D0","D1747"
"133","D1570","rubella / german measles","Yes","D1751","D1747","0","D","D0","D1747"
"134","D1674","varicella zoster virus","Yes","D1752","D1747","0","D","D0","D1747"
"135","D1670","allergy to elastoplast","Yes","D1744","D1743","0","D","D0","D1743"
"136","D1671","allergy to nickel","Yes","D1745","D1743","0","D","D0","D1743"
"137","D1655","fracture metatarsal","Yes","D1729","D1728","0","D","D0","D1728"
"138","D1656","fracture toe","Yes","D1730","D1728","0","D","D0","D1728"
"139","D1653","fracture fibula","Yes","D1727","D1725","0","D","D0","D1725"
"140","D1652","fracture tibia","Yes","D1726","D1725","0","D","D0","D1725"
"141","D1654","fracture foot","Yes","D1728","D1720","0","D","D0","D1720"
"142","D1648","fracture neck of femur / hip","Yes","D1722","D1720","0","D","D0","D1720"
"143","D1650","fracture patella / knee","Yes","D1724","D1720","0","D","D0","D1720"
"144","D1647","fracture pelvis","Yes","D1721","D1720","0","D","D0","D1720"
"145","D1649","fracture shaft of femur","Yes","D1723","D1720","0","D","D0","D1720"
"146","D1644","fracture rib","Yes","D1717","D1713","0","D","D0","D1713"
"147","D1645","fracture sternum","Yes","D1718","D1713","0","D","D0","D1713"
"148","D1646","fracture vertebra / crush fracture / vertebral collapse","Yes","D1719","D1713","0","D","D0","D1713"
"149","D1635","fracture radius","Yes","D1707","D1706","0","D","D0","D1706"
"150","D1636","fracture ulna","Yes","D1708","D1706","0","D","D0","D1706"
"151","D1637","fracture wrist / colles fracture","Yes","D1709","D1706","0","D","D0","D1706"
"152","D1631","fracture clavicle / collar bone","Yes","D1703","D1702","0","D","D0","D1702"
"153","D1639","fracture finger","Yes","D1711","D1702","0","D","D0","D1702"
"154","D1638","fracture hand","Yes","D1710","D1702","0","D","D0","D1702"
"155","D1632","fracture shoulder / scapula","Yes","D1704","D1702","0","D","D0","D1702"
"156","D1640","fracture thumb","Yes","D1712","D1702","0","D","D0","D1702"
"157","D1633","fracture upper arm / humerus / elbow","Yes","D1705","D1702","0","D","D0","D1702"
"158","D1629","fracture face / orbit / eye socket","Yes","D1700","D1696","0","D","D0","D1696"
"159","D1627","fracture jaw","Yes","D1698","D1696","0","D","D0","D1696"
"160","D1630","fracture neck / cervical fracture","Yes","D1701","D1696","0","D","D0","D1696"
"161","D1628","fracture nose","Yes","D1699","D1696","0","D","D0","D1696"
"162","D1626","fracture skull / head","Yes","D1697","D1696","0","D","D0","D1696"
"163","-1","fracture head & neck","No","D1696","D1695","0","D","D0","D1695"
"164","-1","other fractures","No","D1713","D1695","0","D","D0","D1695"
"165","D1623","tennis elbow / lateral epicondylitis","Yes","D1691","D1690","0","D","D0","D1690"
"166","D1624","housemaid's knee (prepatellar bursitis)","Yes","D1692","D1688","0","D","D0","D1688"
"167","D1620","bursitis","Yes","D1688","D1686","0","D","D0","D1686"
"168","D1622","epicondylitis","Yes","D1690","D1686","0","D","D0","D1686"
"169","D1621","synovitis","Yes","D1689","D1686","0","D","D0","D1686"
"170","D1619","tendonitis / tendinitis / tenosynovitis","Yes","D1687","D1686","0","D","D0","D1686"
"171","D1609","glomerulnephritis","Yes","D1677","D1676","0","D","D0","D1676"
"172","D1498","empyema","Yes","D1561","D1660","0","D","D0","D1660"
"173","D1411","lung abscess","Yes","D1464","D1660","0","D","D0","D1660"
"174","D1587","aortic regurgitation / incompetence","Yes","D1653","D1652","0","D","D0","D1652"
"175","D1490","aortic stenosis","Yes","D1553","D1652","0","D","D0","D1652"
"176","D1585","mitral regurgitation / incompetence","Yes","D1651","D1650","0","D","D0","D1650"
"177","D1489","mitral stenosis","Yes","D1552","D1650","0","D","D0","D1650"
"178","D1488","mitral valve prolapse","Yes","D1551","D1650","0","D","D0","D1650"
"179","D1558","ectopic pregnancy","Yes","D1622","D1621","0","D","D0","D1621"
"180","D1559","miscarriage","Yes","D1623","D1621","0","D","D0","D1621"
"181","D1663","abnormal smear (cervix)","Yes","D1737","D1617","0","D","D0","D1617"
"182","D1662","cervical erosion","Yes","D1736","D1616","0","D","D0","D1616"
"183","D1554","cervical intra-epithelial neoplasia (cin) / precancerous cells cervix","Yes","D1617","D1616","0","D","D0","D1616"
"184","D1555","cervical polyps","Yes","D1618","D1616","0","D","D0","D1616"
"185","D1402","endometriosis","Yes","D1451","D1615","0","D","D0","D1615"
"186","D1351","uterine fibroids","Yes","D1393","D1615","0","D","D0","D1615"
"187","D1352","uterine polyps","Yes","D1394","D1615","0","D","D0","D1615"
"188","D1353","vaginal prolapse/uterine prolapse","Yes","D1395","D1615","0","D","D0","D1615"
"189","D1349","ovarian cyst or cysts","Yes","D1391","D1614","0","D","D0","D1614"
"190","D1350","polycystic ovaries/polycystic ovarian syndrome","Yes","D1392","D1614","0","D","D0","D1614"
"191","D1533","disc degeneration","Yes","D1596","D1595","0","D","D0","D1595"
"192","D1607","diabetic nephropathy","Yes","D1675","D1582","0","D","D0","D1582"
"193","D1520","iga nephropathy","Yes","D1583","D1582","0","D","D0","D1582"
"194","D1605","femoral hernia","Yes","D1673","D1574","0","D","D0","D1574"
"195","D1606","incisional hernia","Yes","D1674","D1574","0","D","D0","D1574"
"196","D1513","inguinal hernia","Yes","D1576","D1574","0","D","D0","D1574"
"197","D1512","umbilical hernia","Yes","D1575","D1574","0","D","D0","D1574"
"198","D1504","anal fissure","Yes","D1567","D1566","0","D","D0","D1566"
"199","D1505","haemorrhoids / piles","Yes","D1568","D1566","0","D","D0","D1566"
"200","D1126","spontaneous pneumothorax/recurrent pneumothorax","Yes","D1145","D1560","0","D","D0","D1560"
"201","D1495","lymphoedema","Yes","D1558","D1556","0","D","D0","D1556"
"202","D1593","varicose ulcer","Yes","D1659","D1556","0","D","D0","D1556"
"203","D1494","varicose veins","Yes","D1557","D1556","0","D","D0","D1556"
"204","D1591","aortic aneurysm rupture","Yes","D1657","D1555","0","D","D0","D1555"
"205","D1592","aortic dissection","Yes","D1658","D1555","0","D","D0","D1555"
"206","D1537","joint pain","Yes","D1600","D1527","0","D","D0","D1527"
"207","D1462","crohns disease","Yes","D1522","D1521","0","D","D0","D1521"
"208","D1345","pemphigoid/pemphigus","Yes","D1387","D1513","0","D","D0","D1513"
"209","D1344","stevens johnson syndrome","Yes","D1386","D1513","0","D","D0","D1513"
"210","D1548","acne/acne vulgaris","Yes","D1611","D1510","0","D","D0","D1510"
"211","D1667","alopecia / hair loss","Yes","D1741","D1510","0","D","D0","D1510"
"212","D1454","blistering/desquamating skin disorder","Yes","D1513","D1510","0","D","D0","D1510"
"213","D1680","bowen's disease","Yes","D1776","D1510","0","D","D0","D1510"
"214","D1625","cellulitis","Yes","D1693","D1510","0","D","D0","D1510"
"215","D1455","chronic skin ulcers","Yes","D1514","D1510","0","D","D0","D1510"
"216","D1549","lichen planus","Yes","D1612","D1510","0","D","D0","D1510"
"217","D1550","lichen sclerosis","Yes","D1613","D1510","0","D","D0","D1510"
"218","D1660","rosacea","Yes","D1734","D1510","0","D","D0","D1510"
"219","D1661","vitiligo","Yes","D1735","D1510","0","D","D0","D1510"
"220","D1339","sickle cell disease","Yes","D1378","D1509","0","D","D0","D1509"
"221","D1340","thalassaemia","Yes","D1379","D1509","0","D","D0","D1509"
"222","D1658","myelofibrosis","Yes","D1732","D1507","0","D","D0","D1507"
"223","D1438","polycythaemia vera","Yes","D1493","D1507","0","D","D0","D1507"
"224","D1332","aplastic anaemia","Yes","D1371","D1504","0","D","D0","D1504"
"225","D1331","pernicious anaemia","Yes","D1370","D1504","0","D","D0","D1504"
"226","D1546","essential thrombocytosis","Yes","D1609","D1503","0","D","D0","D1503"
"227","D1328","haemophilia","Yes","D1367","D1503","0","D","D0","D1503"
"228","D1327","low platelets/platelet disorder","Yes","D1366","D1503","0","D","D0","D1503"
"229","D1445","clotting disorder/excessive bleeding","Yes","D1503","D1502","0","D","D0","D1502"
"230","D1451","hereditary/genetic haematological disorder","Yes","D1509","D1502","0","D","D0","D1502"
"231","D1450","monoclonal gammopathy/not myeloma","Yes","D1508","D1502","0","D","D0","D1502"
"232","D1449","myeloproliferative disorder","Yes","D1507","D1502","0","D","D0","D1502"
"233","D1448","neutropenia/lymphopenia","Yes","D1506","D1502","0","D","D0","D1502"
"234","D1447","pancytopenia","Yes","D1505","D1502","0","D","D0","D1502"
"235","-1","bacterial infection","No","D1758","D1495","0","D","D0","D1495"
"236","D1657","septicaemia / sepsis","Yes","D1731","D1495","0","D","D0","D1495"
"237","-1","tropical & travel-related infections","No","D1762","D1495","0","D","D0","D1495"
"238","-1","viral infection","No","D1747","D1495","0","D","D0","D1495"
"239","D1525","benign / essential tremor","Yes","D1588","D1489","0","D","D0","D1489"
"240","D1683","benign neuroma","Yes","D1779","D1489","0","D","D0","D1489"
"241","D1659","meningioma / benign meningeal tumour","Yes","D1733","D1489","0","D","D0","D1489"
"242","D1437","myasthenia gravis","Yes","D1492","D1489","0","D","D0","D1489"
"243","D1526","polio / poliomyelitis","Yes","D1589","D1489","0","D","D0","D1489"
"244","D1499","labyrinthitis","Yes","D1562","D1469","0","D","D0","D1469"
"245","D1421","meniere's disease","Yes","D1475","D1469","0","D","D0","D1469"
"246","D1420","otosclerosis","Yes","D1474","D1469","0","D","D0","D1469"
"247","D1597","tinnitus / tiniitis","Yes","D1664","D1469","0","D","D0","D1469"
"248","D1500","vertigo","Yes","D1563","D1469","0","D","D0","D1469"
"249","D1418","chronic laryngitis","Yes","D1472","D1468","0","D","D0","D1468"
"250","D1419","vocal cord polyp","Yes","D1473","D1468","0","D","D0","D1468"
"251","D1417","nasal polyps","Yes","D1471","D1467","0","D","D0","D1467"
"252","D1408","alcohol dependency","Yes","D1461","D1460","0","D","D0","D1460"
"253","D1409","opioid dependency","Yes","D1462","D1460","0","D","D0","D1460"
"254","D1410","other substance abuse/dependency","Yes","D1463","D1460","0","D","D0","D1460"
"255","D1519","kidney nephropathy","Yes","D1582","D1454","0","D","D0","D1454"
"256","D1608","nephritis","Yes","D1676","D1454","0","D","D0","D1454"
"257","D1427","polycystic kidney","Yes","D1482","D1454","0","D","D0","D1454"
"258","D1480","dermatomyositis","Yes","D1543","D1426","0","D","D0","D1426"
"259","D1481","polymyositis","Yes","D1544","D1426","0","D","D0","D1426"
"260","D1668","allergy to house dust mite","Yes","D1742","D1417","0","D","D0","D1417"
"261","D1669","contact dermatitis","Yes","D1743","D1417","0","D","D0","D1417"
"262","D1562","food intolerance","Yes","D1626","D1417","0","D","D0","D1417"
"263","D1563","urticaria","Yes","D1627","D1417","0","D","D0","D1417"
"264","D1383","dermatopolymyositis","Yes","D1426","D1416","0","D","D0","D1416"
"265","D1561","raynaud's phenomenon/disease","Yes","D1625","D1416","0","D","D0","D1416"
"266","D1384","scleroderma/systemic sclerosis","Yes","D1427","D1416","0","D","D0","D1416"
"267","D1382","sjogren's syndrome/sicca syndrome","Yes","D1425","D1416","0","D","D0","D1416"
"268","D1381","systemic lupus erythematosis/sle","Yes","D1424","D1416","0","D","D0","D1416"
"269","D1372","vasculitis","Yes","D1415","D1416","0","D","D0","D1416"
"270","D1376","giant cell/temporal arteritis","Yes","D1419","D1415","0","D","D0","D1415"
"271","D1379","microscopic polyarteritis","Yes","D1422","D1415","0","D","D0","D1415"
"272","D1380","polyartertis nodosa","Yes","D1423","D1415","0","D","D0","D1415"
"273","D1377","polymyalgia rheumatica","Yes","D1420","D1415","0","D","D0","D1415"
"274","D1378","wegners granulmatosis","Yes","D1421","D1415","0","D","D0","D1415"
"275","D1666","benign breast lump","Yes","D1740","D1407","0","D","D0","D1407"
"276","D1367","breast cysts","Yes","D1410","D1407","0","D","D0","D1407"
"277","D1560","breast fibroadenoma","Yes","D1624","D1407","0","D","D0","D1407"
"278","D1366","fibrocystic disease","Yes","D1409","D1407","0","D","D0","D1407"
"279","D1681","hydatiform mole","Yes","D1777","D1391","0","D","D0","D1391"
"280","D1553","cervical problem","Yes","D1616","D1390","0","D","D0","D1390"
"281","D1664","dysmenorrhoea / dysmenorrhea","Yes","D1738","D1390","0","D","D0","D1390"
"282","D1403","female infertility","Yes","D1452","D1390","0","D","D0","D1390"
"283","D1665","menopausal symptoms / menopause","Yes","D1739","D1390","0","D","D0","D1390"
"284","D1556","menorrhagia (unknown cause)","Yes","D1619","D1390","0","D","D0","D1390"
"285","D1551","ovarian problem","Yes","D1614","D1390","0","D","D0","D1390"
"286","D1557","pelvic inflammatory disease/ pid","Yes","D1620","D1390","0","D","D0","D1390"
"287","D1552","uterine problem","Yes","D1615","D1390","0","D","D0","D1390"
"288","D1541","carpal tunnel syndrome","Yes","D1604","D1323","0","D","D0","D1323"
"289","D1544","dupuytren's contracture","Yes","D1607","D1323","0","D","D0","D1323"
"290","D1542","fibromyalgia","Yes","D1605","D1323","0","D","D0","D1323"
"291","D1322","myositis/myopathy","Yes","D1361","D1323","0","D","D0","D1323"
"292","D1540","plantar fascitis","Yes","D1603","D1323","0","D","D0","D1323"
"293","D1618","soft tissue inflammation","Yes","D1686","D1323","0","D","D0","D1323"
"294","D1477","psoriatic arthropathy","Yes","D1540","D1321","0","D","D0","D1321"
"295","D1313","ankylosing spondylitis","Yes","D1352","D1320","0","D","D0","D1320"
"296","D1535","scoliosis","Yes","D1598","D1320","0","D","D0","D1320"
"297","D1536","spinal stenosis","Yes","D1599","D1320","0","D","D0","D1320"
"298","D1308","osteomyelitis","Yes","D1347","D1319","0","D","D0","D1319"
"299","D1617","osteopenia","Yes","D1685","D1319","0","D","D0","D1319"
"300","D1310","paget's disease","Yes","D1349","D1319","0","D","D0","D1319"
"301","D1531","post-natal depression","Yes","D1594","D1312","0","D","D0","D1312"
"302","D1528","macular degeneration","Yes","D1591","D1301","0","D","D0","D1301"
"303","D1282","retinal artery/vein occlusion","Yes","D1308","D1301","0","D","D0","D1301"
"304","D1281","retinal detachment","Yes","D1307","D1301","0","D","D0","D1301"
"305","D1527","retinitis pigmentosa","Yes","D1590","D1301","0","D","D0","D1301"
"306","D1263","dementia/alzheimers/cognitive impairment","Yes","D1289","D1284","0","D","D0","D1284"
"307","D1259","motor neurone disease","Yes","D1285","D1284","0","D","D0","D1284"
"308","D1261","multiple sclerosis","Yes","D1287","D1284","0","D","D0","D1284"
"309","D1260","myasthenia gravis","Yes","D1286","D1284","0","D","D0","D1284"
"310","D1397","other demyelinating disease (not multiple sclerosis)","Yes","D1442","D1284","0","D","D0","D1284"
"311","D1262","parkinsons disease","Yes","D1288","D1284","0","D","D0","D1284"
"312","D1256","acute infective polyneuritis/guillain-barre syndrome","Yes","D1282","D1280","0","D","D0","D1280"
"313","D1468","diabetic neuropathy/ulcers","Yes","D1528","D1280","0","D","D0","D1280"
"314","D1255","peripheral neuropathy","Yes","D1281","D1280","0","D","D0","D1280"
"315","D1257","trapped nerve/compressed nerve","Yes","D1283","D1280","0","D","D0","D1280"
"316","D1252","paraplegia","Yes","D1278","D1277","0","D","D0","D1277"
"317","D1524","spina bifida","Yes","D1587","D1277","0","D","D0","D1277"
"318","D1250","bell's palsy/facial nerve palsy","Yes","D1276","D1275","0","D","D0","D1275"
"319","D1523","trigemminal neuralgia","Yes","D1586","D1275","0","D","D0","D1275"
"320","D1245","brain abscess/intracranial abscess","Yes","D1271","D1270","0","D","D0","D1270"
"321","D1246","encephalitis","Yes","D1272","D1270","0","D","D0","D1270"
"322","D1247","meningitis","Yes","D1273","D1270","0","D","D0","D1270"
"323","D1248","spinal abscess","Yes","D1274","D1270","0","D","D0","D1270"
"324","D1470","anorexia/bulimia/other eating disorder","Yes","D1531","D1269","0","D","D0","D1269"
"325","D1290","deliberate self-harm/suicide attempt","Yes","D1316","D1269","0","D","D0","D1269"
"326","D1616","insomnia","Yes","D1684","D1269","0","D","D0","D1269"
"327","D1291","mania/bipolar disorder/manic depression","Yes","D1317","D1269","0","D","D0","D1269"
"328","D1288","nervous breakdown","Yes","D1314","D1269","0","D","D0","D1269"
"329","D1615","obsessive compulsive disorder (ocd)","Yes","D1683","D1269","0","D","D0","D1269"
"330","D1469","post-traumatic stress disorder","Yes","D1530","D1269","0","D","D0","D1269"
"331","D1289","schizophrenia","Yes","D1315","D1269","0","D","D0","D1269"
"332","D1614","stress","Yes","D1682","D1269","0","D","D0","D1269"
"333","-1","substance abuse/dependency","No","D1460","D1269","0","D","D0","D1269"
"334","D1613","blepharitis / eyelid infection","Yes","D1681","D1268","0","D","D0","D1268"
"335","D1276","diabetic eye disease","Yes","D1302","D1268","0","D","D0","D1268"
"336","D1529","dry eyes","Yes","D1592","D1268","0","D","D0","D1268"
"337","D1274","eye infection","Yes","D1300","D1268","0","D","D0","D1268"
"338","D1279","eye trauma","Yes","D1305","D1268","0","D","D0","D1268"
"339","D1530","iritis","Yes","D1593","D1268","0","D","D0","D1268"
"340","D1435","optic neuritis","Yes","D1490","D1268","0","D","D0","D1268"
"341","D1266","head injury","Yes","D1292","D1266","0","D","D0","D1266"
"342","D1394","peripheral nerve injury","Yes","D1438","D1266","0","D","D0","D1266"
"343","D1267","spinal injury","Yes","D1293","D1266","0","D","D0","D1266"
"344","D1433","cerebral palsy","Yes","D1488","D1265","0","D","D0","D1265"
"345","D1249","cranial nerve problem/palsy","Yes","D1275","D1265","0","D","D0","D1265"
"346","D1251","spinal cord disorder","Yes","D1277","D1265","0","D","D0","D1265"
"347","D1429","acromegaly","Yes","D1484","D1262","0","D","D0","D1262"
"348","D1431","hyperprolactinaemia","Yes","D1486","D1262","0","D","D0","D1262"
"349","D1430","hypopituitarism","Yes","D1485","D1262","0","D","D0","D1262"
"350","D1238","pituitary adenoma/tumour","Yes","D1263","D1262","0","D","D0","D1262"
"351","D1233","adrenal tumour","Yes","D1258","D1257","0","D","D0","D1257"
"352","D1234","adrenocortical insufficiency/addison's disease","Yes","D1259","D1257","0","D","D0","D1257"
"353","D1235","hyperaldosteronism/conn's syndrome","Yes","D1260","D1257","0","D","D0","D1257"
"354","D1236","phaeochromocytoma","Yes","D1261","D1257","0","D","D0","D1257"
"355","D1611","hyperparathyroidism","Yes","D1679","D1254","0","D","D0","D1254"
"356","D1230","parathyroid hyperplasia/adenoma","Yes","D1255","D1254","0","D","D0","D1254"
"357","D1522","grave's disease","Yes","D1585","D1249","0","D","D0","D1249"
"358","D1610","thyroid goitre","Yes","D1678","D1249","0","D","D0","D1249"
"359","D1228","thyroid radioablation therapy","Yes","D1253","D1249","0","D","D0","D1249"
"360","D1428","thyroiditis","Yes","D1483","D1249","0","D","D0","D1249"
"361","D1521","diabetes insipidus","Yes","D1584","D1245","0","D","D0","D1245"
"362","D1221","gestational diabetes","Yes","D1246","D1245","0","D","D0","D1245"
"363","D1222","type 1 diabetes","Yes","D1247","D1245","0","D","D0","D1245"
"364","D1516","bph / benign prostatic hypertrophy","Yes","D1579","D1232","0","D","D0","D1232"
"365","D1396","enlarged prostate","Yes","D1441","D1232","0","D","D0","D1232"
"366","D1517","prostatitis","Yes","D1580","D1232","0","D","D0","D1232"
"367","D1518","erectile dysfunction / impotence","Yes","D1581","D1231","0","D","D0","D1231"
"368","D1404","male infertility","Yes","D1453","D1231","0","D","D0","D1231"
"369","D1207","prostate problem (not cancer)","Yes","D1232","D1231","0","D","D0","D1231"
"370","D1210","scrotal problem (not cancer)","Yes","D1235","D1231","0","D","D0","D1231"
"371","D1214","testicular problems (not cancer)","Yes","D1239","D1231","0","D","D0","D1231"
"372","D1679","undescended testicle","Yes","D1773","D1231","0","D","D0","D1231"
"373","D1202","urinary frequency / incontinence","Yes","D1223","D1222","0","D","D0","D1222"
"374","D1514","cystitis","Yes","D1577","D1217","0","D","D0","D1217"
"375","D1515","pyelonephritis","Yes","D1578","D1217","0","D","D0","D1217"
"376","D1194","renal failure not requiring dialysis","Yes","D1215","D1213","0","D","D0","D1213"
"377","D1193","renal failure requiring dialysis","Yes","D1214","D1213","0","D","D0","D1213"
"378","D1165","pancreatitis","Yes","D1186","D1185","0","D","D0","D1185"
"379","D1163","cholecystitis","Yes","D1184","D1182","0","D","D0","D1182"
"380","D1160","bile duct obstruction/ascending cholangitis","Yes","D1181","D1180","0","D","D0","D1180"
"381","D1475","sclerosing cholangitis","Yes","D1538","D1180","0","D","D0","D1180"
"382","D1604","alcoholic liver disease / alcoholic cirrhosis","Yes","D1672","D1179","0","D","D0","D1179"
"383","D1506","primary biliary cirrhosis","Yes","D1569","D1179","0","D","D0","D1179"
"384","D1578","hepatitis a","Yes","D1642","D1177","0","D","D0","D1177"
"385","D1579","hepatitis b","Yes","D1643","D1177","0","D","D0","D1177"
"386","D1580","hepatitis c","Yes","D1644","D1177","0","D","D0","D1177"
"387","D1581","hepatitis d","Yes","D1645","D1177","0","D","D0","D1177"
"388","D1582","hepatitis e","Yes","D1646","D1177","0","D","D0","D1177"
"389","D1156","infective/viral hepatitis","Yes","D1177","D1176","0","D","D0","D1176"
"390","D1157","non-infective hepatitis","Yes","D1178","D1176","0","D","D0","D1176"
"391","D1510","dyspepsia / indigestion","Yes","D1573","D1158","0","D","D0","D1158"
"392","D1509","gastroenteritis/dysentry","Yes","D1572","D1158","0","D","D0","D1158"
"393","D1191","gastrointestinal bleeding","Yes","D1212","D1158","0","D","D0","D1158"
"394","D1400","peptic ulcer","Yes","D1445","D1158","0","D","D0","D1158"
"395","D1190","peritonitis","Yes","D1211","D1158","0","D","D0","D1158"
"396","D1159","bile duct disease","Yes","D1180","D1156","0","D","D0","D1156"
"397","D1507","haemochromatosis","Yes","D1570","D1156","0","D","D0","D1156"
"398","D1508","jaundice (unknown cause)","Yes","D1571","D1156","0","D","D0","D1156"
"399","D1158","liver failure/cirrhosis","Yes","D1179","D1156","0","D","D0","D1156"
"400","D1164","pancreatic disease","Yes","D1185","D1156","0","D","D0","D1156"
"401","D1503","anal problem","Yes","D1566","D1155","0","D","D0","D1155"
"402","D1601","bowel / intestinal infarction","Yes","D1668","D1155","0","D","D0","D1155"
"403","D1602","bowel / intestinal obstruction","Yes","D1670","D1155","0","D","D0","D1155"
"404","D1600","bowel / intestinal perforation","Yes","D1667","D1155","0","D","D0","D1155"
"405","D1459","colitis/not crohns or ulcerative colitis","Yes","D1519","D1155","0","D","D0","D1155"
"406","D1599","constipation","Yes","D1666","D1155","0","D","D0","D1155"
"407","D1457","duodenal ulcer","Yes","D1517","D1155","0","D","D0","D1155"
"408","D1456","malabsorption/coeliac disease","Yes","D1516","D1155","0","D","D0","D1155"
"409","D1460","rectal or colon adenoma/polyps","Yes","D1520","D1155","0","D","D0","D1155"
"410","D1603","rectal prolapse","Yes","D1671","D1155","0","D","D0","D1155"
"411","D1143","gastritis/gastric erosions","Yes","D1164","D1154","0","D","D0","D1154"
"412","D1501","pyloric stenosis","Yes","D1564","D1154","0","D","D0","D1154"
"413","D1140","oesophageal stricture","Yes","D1161","D1153","0","D","D0","D1153"
"414","D1141","oesophageal varicies","Yes","D1162","D1153","0","D","D0","D1153"
"415","D1139","oesophagitis/barretts oesophagus","Yes","D1160","D1153","0","D","D0","D1153"
"416","D1596","pleural effusion","Yes","D1663","D1136","0","D","D0","D1136"
"417","D1595","pleural plaques (not known asbestosis)","Yes","D1662","D1136","0","D","D0","D1136"
"418","D1125","pleurisy","Yes","D1144","D1136","0","D","D0","D1136"
"419","D1497","pneumothorax","Yes","D1560","D1136","0","D","D0","D1136"
"420","D1124","respiratory failure","Yes","D1143","D1136","0","D","D0","D1136"
"421","D1123","sleep apnoea","Yes","D1142","D1136","0","D","D0","D1136"
"422","D1120","asbestosis","Yes","D1139","D1134","0","D","D0","D1134"
"423","D1122","fibrosing alveolitis/unspecified alveolitis","Yes","D1141","D1134","0","D","D0","D1134"
"424","D1121","pulmonary fibrosis","Yes","D1140","D1134","0","D","D0","D1134"
"425","D1496","alpha-1 antitrypsin deficiency","Yes","D1559","D1132","0","D","D0","D1132"
"426","D1491","brain haemorrhage","Yes","D1554","D1098","0","D","D0","D1098"
"427","D1583","ischaemic stroke","Yes","D1649","D1098","0","D","D0","D1098"
"428","D1086","subarachnoid haemorrhage","Yes","D1103","D1098","0","D","D0","D1098"
"429","D1590","pericardial effusion","Yes","D1656","D1097","0","D","D0","D1097"
"430","D1589","pericarditis","Yes","D1655","D1097","0","D","D0","D1097"
"431","D1588","hypertrophic cardiomyopathy (hcm / hocm)","Yes","D1654","D1096","0","D","D0","D1096"
"432","D1586","aortic valve disease","Yes","D1652","D1095","0","D","D0","D1095"
"433","D1584","mitral valve disease","Yes","D1650","D1095","0","D","D0","D1095"
"434","D1483","atrial flutter","Yes","D1546","D1094","0","D","D0","D1094"
"435","D1485","irregular heart beat","Yes","D1548","D1094","0","D","D0","D1094"
"436","D1486","sick sinus syndrome","Yes","D1549","D1094","0","D","D0","D1094"
"437","D1487","svt / supraventricular tachycardia","Yes","D1550","D1094","0","D","D0","D1094"
"438","D1484","wolff parkinson white / wpw syndrome","Yes","D1547","D1094","0","D","D0","D1094"
"439","D1492","aortic aneurysm","Yes","D1555","D1084","0","D","D0","D1084"
"440","D1088","arterial embolism","Yes","D1105","D1084","0","D","D0","D1084"
"441","D1087","leg claudication/ intermittent claudication","Yes","D1104","D1084","0","D","D0","D1084"
"442","D1425","cerebral aneurysm","Yes","D1480","D1083","0","D","D0","D1083"
"443","D1083","subdural haemorrhage/haematoma","Yes","D1100","D1083","0","D","D0","D1083"
"444","D1082","transient ischaemic attack (tia)","Yes","D1099","D1083","0","D","D0","D1083"
"445","D1079","cardiomyopathy","Yes","D1096","D1082","0","D","D0","D1082"
"446","D1076","heart failure/pulmonary odema","Yes","D1093","D1082","0","D","D0","D1082"
"447","D1426","myocarditis","Yes","D1481","D1082","0","D","D0","D1082"
"448","D1080","pericardial problem","Yes","D1097","D1082","0","D","D0","D1082"
"449","D1479","rheumatic fever","Yes","D1542","D1082","0","D","D0","D1082"
"450","D1073","gestational hypertension/pre-eclampsia","Yes","D1090","D1081","0","D","D0","D1081"
"451","D1564","antiphospholipid syndrome","Yes","D1628","D1080","0","D","D0","D1080"
"452","D1371","sarcoidosis","Yes","D1414","D1080","0","D","D0","D1080"
"453","D1364","breast disease (not cancer)","Yes","D1407","D1079","0","D","D0","D1079"
"454","D1348","gynaecological disorder (not cancer)","Yes","D1390","D1079","0","D","D0","D1079"
"455","-1","obstetric problem","No","D1621","D1079","0","D","D0","D1079"
"456","D1407","burns","Yes","D1458","D1077","0","D","D0","D1077"
"457","-1","fracture","No","D1695","D1077","0","D","D0","D1077"
"458","D1682","benign insulinoma","Yes","D1778","D1075","0","D","D0","D1075"
"459","D1432","carcinoid syndrome/tumour","Yes","D1487","D1075","0","D","D0","D1075"
"460","D1239","cushings syndrome","Yes","D1264","D1075","0","D","D0","D1075"
"461","D1232","disorder of adrenal gland","Yes","D1257","D1075","0","D","D0","D1075"
"462","D1237","disorder or pituitary gland","Yes","D1262","D1075","0","D","D0","D1075"
"463","D1229","parathyroid gland problem (not cancer)","Yes","D1254","D1075","0","D","D0","D1075"
"464","-1","other urological problem (male)","No","D1231","D1074","0","D","D0","D1074"
"465","D1192","renal/kidney failure","Yes","D1213","D1074","0","D","D0","D1074"
"466","D1200","ureteric obstruction/hydronephrosis","Yes","D1221","D1074","0","D","D0","D1074"
"467","D1114","bronchiectasis","Yes","D1133","D1072","0","D","D0","D1072"
"468","D1112","chronic obstructive airways disease/copd","Yes","D1131","D1072","0","D","D0","D1072"
"469","D1113","emphysema/chronic bronchitis","Yes","D1132","D1072","0","D","D0","D1072"
"470","D1115","interstitial lung disease","Yes","D1134","D1072","0","D","D0","D1072"
"471","D1065","hypertension","Yes","D1081","D1071","0","D","D0","D1071"
"472","D1493","other venous/lymphatic disease","Yes","D1556","D1071","0","D","D0","D1071"
"473","D1067","peripheral vascular disease","Yes","D1084","D1071","0","D","D0","D1071"
"474","-1","father_age_death","No","L2000","Top","X","L","L","lTop"
"475","-1","father_attained_age","No","L2001","Top","X","L","L","lTop"
"476","-1","mother_age_death","No","L2002","Top","X","L","L","lTop"
"477","-1","mother_attained_age","No","L2003","Top","X","L","L","lTop"
"478","-1","parents_age_death","No","L2004","Top","X","L","L","lTop"
"479","-1","parents_attained_age","No","L2005","Top","X","L","L","lTop"
"480","-1","pl_both_top10perc","No","L2006","Top","X","L","L","lTop"
"481","-1","healthspan_summary","No","H3000","Top","X","H","H","hTop"
"482","-1","other cancer","No","C1011","Top","0","C","C0","cTop"
"483","-1","haematological malignancy","No","C1009","Top","0","C","C0","cTop"
"484","-1","neurological system cancer","No","C1005","Top","0","C","C0","cTop"
"485","-1","ear/nose/throat cancer","No","C1001","Top","0","C","C0","cTop"
"486","-1","genital tract cancer","No","C1008","Top","0","C","C0","cTop"
"487","-1","gastrointestinal cancer","No","C1002","Top","0","C","C0","cTop"
"488","-1","urinary tract cancer","No","C1006","Top","0","C","C0","cTop"
"489","C1001","lung cancer","Yes","C1003","C1095","0","C","C0","C1095"
"490","C1002","breast cancer","Yes","C1007","Top","2","C","C2","cTop"
"491","C1003","skin cancer","Yes","C1010","Top","2","C","C2","cTop"
"492","C1004","cancer of lip/mouth/pharynx/oral cavity","Yes","C1012","C1001","0","C","C0","C1001"
"493","C1005","salivary gland cancer","Yes","C1013","C1012","0","C","C0","C1012"
"494","C1006","larynx/throat cancer","Yes","C1014","C1095","0","C","C0","C1095"
"495","C1007","nasal cavity cancer","Yes","C1015","C1001","0","C","C0","C1001"
"496","C1008","ear cancer","Yes","C1016","C1095","0","C","C0","C1095"
"497","C1009","sinus cancer","Yes","C1017","C1001","0","C","C0","C1001"
"498","C1010","lip cancer","Yes","C1018","C1012","0","C","C0","C1012"
"499","C1011","tongue cancer","Yes","C1019","C1012","0","C","C0","C1012"
"500","C1012","gum cancer","Yes","C1020","C1012","0","C","C0","C1012"
"501","C1015","parotid gland cancer","Yes","C1023","C1013","0","C","C0","C1013"
"502","C1016","other salivary gland cancer","Yes","C1024","C1013","0","C","C0","C1013"
"503","C1017","oesophageal cancer","Yes","C1025","C1002","0","C","C0","C1002"
"504","C1018","stomach cancer","Yes","C1026","C1002","0","C","C0","C1002"
"505","C1019","small intestine/small bowel cancer","Yes","C1027","C1002","0","C","C0","C1002"
"506","C1020","large bowel cancer/colorectal cancer","Yes","C1028","C1002","0","C","C0","C1002"
"507","C1021","anal cancer","Yes","C1029","C1002","0","C","C0","C1002"
"508","C1022","colon cancer/sigmoid cancer","Yes","C1030","C1028","0","C","C0","C1028"
"509","C1023","rectal cancer","Yes","C1031","C1028","0","C","C0","C1028"
"510","C1024","liver/hepatocellular cancer","Yes","C1032","C1002","0","C","C0","C1002"
"511","C1025","gallbladder/bile duct cancer","Yes","C1033","C1002","0","C","C0","C1002"
"512","C1026","pancreas cancer","Yes","C1034","C1002","0","C","C0","C1002"
"513","C1027","small cell lung cancer","Yes","C1035","C1003","0","C","C0","C1003"
"514","C1028","non-small cell lung cancer","Yes","C1036","C1003","0","C","C0","C1003"
"515","C1029","peripheral nerve/autonomic nerve cancer","Yes","C1037","C1005","0","C","C0","C1005"
"516","C1030","eye and/or adnexal cancer","Yes","C1038","C1005","0","C","C0","C1005"
"517","C1031","meningeal cancer / malignant meningioma","Yes","C1039","C1005","0","C","C0","C1005"
"518","C1032","brain cancer / primary malignant brain tumour","Yes","C1040","C1005","0","C","C0","C1005"
"519","C1033","spinal cord or cranial nerve cancer","Yes","C1041","C1005","0","C","C0","C1005"
"520","C1034","kidney/renal cell cancer","Yes","C1042","C1006","0","C","C0","C1006"
"521","C1035","bladder cancer","Yes","C1043","C1006","0","C","C0","C1006"
"522","C1036","other cancer of urinary tract","Yes","C1044","C1006","0","C","C0","C1006"
"523","C1037","female genital tract cancer","Yes","C1045","C1008","4","C","C4","C1008"
"524","C1038","male genital tract cancer","Yes","C1046","C1008","1","C","C1","C1008"
"525","C1039","ovarian cancer","Yes","C1047","C1045","0","C","C0","C1045"
"526","C1040","uterine/endometrial cancer","Yes","C1048","C1045","0","C","C0","C1045"
"527","C1041","cervical cancer","Yes","C1049","C1045","4","C","C4","C1045"
"528","C1042","vaginal cancer","Yes","C1050","C1045","0","C","C0","C1045"
"529","C1043","vulval cancer","Yes","C1051","C1045","0","C","C0","C1045"
"530","C1044","prostate cancer","Yes","C1052","C1046","0","C","C0","C1046"
"531","C1045","testicular cancer","Yes","C1053","C1046","0","C","C0","C1046"
"532","C1046","penis cancer","Yes","C1054","C1046","0","C","C0","C1046"
"533","C1047","lymphoma","Yes","C1055","C1009","0","C","C0","C1009"
"534","C1048","leukaemia","Yes","C1056","C1009","0","C","C0","C1009"
"535","C1050","multiple myeloma","Yes","C1058","C1009","0","C","C0","C1009"
"536","C1051","myelofibrosis or myelodysplasia","Yes","C1059","C1009","0","C","C0","C1009"
"537","C1052","hodgkins lymphoma / hodgkins disease","Yes","C1060","C1055","0","C","C0","C1055"
"538","C1053","non-hodgkins lymphoma","Yes","C1061","C1055","0","C","C0","C1055"
"539","C1055","chronic lymphocytic","Yes","C1063","C1056","0","C","C0","C1056"
"540","C1056","chronic myeloid","Yes","C1064","C1056","0","C","C0","C1056"
"541","C1058","other haematological malignancy","Yes","C1066","C1009","0","C","C0","C1009"
"542","C1059","malignant melanoma","Yes","C1067","C1010","2","C","C2","C1010"
"543","C1060","non-melanoma skin cancer","Yes","C1068","C1010","2","C","C2","C1010"
"544","C1061","basal cell carcinoma","Yes","C1069","C1068","2","C","C2","C1068"
"545","C1062","squamous cell carcinoma","Yes","C1070","C1068","0","C","C0","C1068"
"546","C1063","primary bone cancer","Yes","C1071","C1011","0","C","C0","C1011"
"547","C1064","mesothelioma","Yes","C1072","C1011","0","C","C0","C1011"
"548","C1065","thyroid cancer","Yes","C1073","C1011","0","C","C0","C1011"
"549","C1066","parathyroid cancer","Yes","C1074","C1011","0","C","C0","C1011"
"550","C1067","adrenal cancer","Yes","C1075","C1011","0","C","C0","C1011"
"551","C1068","sarcoma/fibrosarcoma","Yes","C1076","C1011","0","C","C0","C1011"
"552","C1070","malignant lymph node, unspecified","Yes","C1078","C1011","0","C","C0","C1011"
"553","C1071","metastatic cancer (unknown primary)","Yes","C1079","C1011","0","C","C0","C1011"
"554","C1072","cin/pre-cancer cells cervix","Yes","C1080","C1049","0","C","C0","C1049"
"555","C1073","rodent ulcer","Yes","C1081","C1069","0","C","C0","C1069"
"556","C1074","acute myeloid leukaemia","Yes","C1082","C1056","0","C","C0","C1056"
"557","C1075","retinoblastoma","Yes","C1083","C1038","0","C","C0","C1038"
"558","C1076","kaposis sarcoma","Yes","C1084","C1011","0","C","C0","C1011"
"559","C1077","mouth cancer","Yes","C1087","C1012","0","C","C0","C1012"
"560","C1078","tonsil cancer","Yes","C1088","C1012","0","C","C0","C1012"
"561","C1079","oropharynx / oropharyngeal cancer","Yes","C1089","C1012","0","C","C0","C1012"
"562","C1080","trachea cancer","Yes","C1091","C1095","0","C","C0","C1095"
"563","C1081","thymus cancer / malignant thymoma","Yes","C1092","C1095","0","C","C0","C1095"
"564","C1082","heart / mediastinum cancer","Yes","C1093","C1095","0","C","C0","C1095"
"565","C1084","respiratory / intrathoracic cancer","Yes","C1095","Top","0","C","C0","cTop"
"566","C1085","bone metastases / bony secondaries","Yes","C1097","C1079","0","C","C0","C1079"
"567","C1086","appendix cancer","Yes","C1098","C1030","0","C","C0","C1030"
"568","C1087","fallopian tube cancer","Yes","C1099","C1045","0","C","C0","C1045"
"569","C1088","malignant insulinoma","Yes","C1100","C1034","0","C","C0","C1034"
"570","C99999","unclassifiable","No","C99999","Top","0","C","C0","cTop"
"571","-1","dietary restriction","No","CR","Top","X","HG","CR","hagrTop"
"572","-1","ageing","No","Age","Top","X","HG","Age","hgTop"
